raw_institute,raw_source,stand_institute,country,flemish,group,qh
Hellenic Centre for Marine Research (HCMR),1-marinespecies.org_users_2023-11-07,HCMR (Hellenic Centre for Marine Research),Greece,,Research institute,Science
Ministry for Environment and Territory Protection; Nature Protection Directorate,1-marinespecies.org_users_2023-11-07,Italy government - Ministry for Environment and Territory Protection - Nature Protection Directorate,Italy,,Governmental body,Policy
Federal Environmental Agency,1-marinespecies.org_users_2023-11-07,Federal Environmental Agency,Germany,,Governmental body,Policy
National Cancer Institute,1-marinespecies.org_users_2023-11-07,National Cancer Institute (NCI),USA,,Research institute,Science
IFREMER,1-marinespecies.org_users_2023-11-07,IFREMER - DYNECO (Unité Dynamiques des Ecosystèmes Côtiers),France,,Research institute,Science
RIZA-WILB,1-marinespecies.org_users_2023-11-07,RIZA (Rijksinstituut voor de Zuivering van Afvalwater),Netherlands,,Governmental body,Policy
European Topic Centre on Nature Protection and Biodiversity,1-marinespecies.org_users_2023-11-07,European Topic Centre on Nature Protection and Biodiversity,Europe,,Research institute,Science
National Environmental Research Institute,1-marinespecies.org_users_2023-11-07,Aarhus University - Department of Marine Ecology - National Environmental Research Institute,Denmark,,Research institute,Science
MBL,1-marinespecies.org_users_2023-11-07,MBL,USA,,Company,Industry
Hafok,1-marinespecies.org_users_2023-11-07,Hafok AB,Sweden,,Consultancy,Industry
Smithsonian Institution,1-marinespecies.org_users_2023-11-07,Smithsonian Institution,USA,,Research institute,Science
ETI BioInformatics,1-marinespecies.org_users_2023-11-07,ETI BioInformatics,Netherlands,,Company,Industry
Marine Life Information Network (MarLIN),1-marinespecies.org_users_2023-11-07,MarLIN (Marine Life Information Network),UK,,Data infrastructure,Science
L’Agence des aires marines protégées,1-marinespecies.org_users_2023-11-07,L’Agence des aires marines protégées,France,,Governmental body,Policy
San Diego Supercomputer Center,1-marinespecies.org_users_2023-11-07,"University of California, San Diego (UCSD) - San Diego Supercomputer Center",USA,,Research institute,Science
National Center for Biotechnology Information (NCBI),1-marinespecies.org_users_2023-11-07,National Center for Biotechnology Information (NCBI),USA,,Data infrastructure,Science
The United States Antarctic Program at the National Museum of Natural History,1-marinespecies.org_users_2023-11-07,National Museum of Natural History - US Antarctic Program,USA,,Museum,Science
University of Bordeaux,1-marinespecies.org_users_2023-11-07,University of Bordeaux,France,,University,Science
British Oceanographic Data Centre (BODC),1-marinespecies.org_users_2023-11-07,British Oceanographic Data Centre (BODC),UK,,Data infrastructure,Science
Ecospan Environmental Limited,1-marinespecies.org_users_2023-11-07,Ecospan Environmental Limited,UK,,Company,Industry
"National Academy of Sciences of Ukraine, Institute of Biology of the Southern Seas (IBSS)",1-marinespecies.org_users_2023-11-07,National Academy of Sciences of Ukraine (NASU) - AO Kovalevsky Institute of Biology of the Southern Seas (IBSS),Ukraine,,Research institute,Science
"School of Computer Science, University of Manchester",1-marinespecies.org_users_2023-11-07,University of Manchester - School of Computer Science,UK,,University,Science
,1-marinespecies.org_users_2023-11-07,NA,,,,
"Institut de Recherche pour le Développement (IRD), Centre de Recherche Halieutique Méditerranéenne et Tropicale",1-marinespecies.org_users_2023-11-07,IRD L'Institut de recherche pour le développement - Centre de Recherche Halieutique Méditerranéenne et Tropicale,France,,Research institute,Science
"Circolo Attività Subacquee Chieri, Sezione Didattica",1-marinespecies.org_users_2023-11-07,Chieri Underwater Activities Club,Italy,,Other,Civil society
Station Biologique de Roscoff,1-marinespecies.org_users_2023-11-07,Station Biologique de Roscoff,,,,
,1-marinespecies.org_users_2023-11-07,NA,,,,
MariLim Gesellschaft für Gewässeruntersuchung mbH,1-marinespecies.org_users_2023-11-07,MariLim GmbH,Germany,,Consultancy,Industry
NOAA,1-marinespecies.org_users_2023-11-07,NOAA National Oceanic And Atmospheric Administration,USA,,Governmental body,Policy
"Natural History Museum Rotterdam, Marine Invertebrates",1-marinespecies.org_users_2023-11-07,Natural History Museum Rotterdam (NMR) - Marine Invertebrates,Netherlands,,Museum,Science
"European Environment Agency, EUNIS",1-marinespecies.org_users_2023-11-07,EU - European Environmental Agency - EUNIS (European Nature Information System),Europe,,Data infrastructure,Science
"HELCOM, Helsinki",1-marinespecies.org_users_2023-11-07,HELCOM (Helsinki Convention on the Protection of the Marine Environment of the Baltic Sea Area),Finland,,Governmental body,Policy
Fisheries Linked Open Data at the Fisheries and Aquaculture Department of FAO,1-marinespecies.org_users_2023-11-07,FAO (Food and Agriculture Organization of the United Nations) - Fisheries and Aquaculture Department - Fisheries Linked Open Data (FLOD),,,,
Gardline Marine Sciences group,1-marinespecies.org_users_2023-11-07,Gardline Group - Marine Sciences group,Global,,Company,Industry
International Institute for Species Exploration,1-marinespecies.org_users_2023-11-07,International Institute for Species Exploration,,,,
University of British Columbia,1-marinespecies.org_users_2023-11-07,University of British Columbia,Canada,,University,Science
Institut National de Recherche Halieutique (INRH),1-marinespecies.org_users_2023-11-07,Institut National de Recherche Halieutique (INRH),Morocco,,Research institute,Science
Government Department of Conservation Services,1-marinespecies.org_users_2023-11-07,Bermuda government - Department of Conservation Services,Bermuda,,Governmental body,Policy
Natural History Museum of Los Angeles County,1-marinespecies.org_users_2023-11-07,NHM Natural History Museum of Los Angeles County,USA,,Museum,Science
,1-marinespecies.org_users_2023-11-07,NA,,,,
,1-marinespecies.org_users_2023-11-07,NA,,,,
"Archaeology and Natural History, The Australian National University",1-marinespecies.org_users_2023-11-07,Australian National University - Archaeology and Natural History,Australia,,University,Science
Natural History Museum (NHM),1-marinespecies.org_users_2023-11-07,NHM (Natural History Museum),UK,,Museum,Science
,1-marinespecies.org_users_2023-11-07,NA,,,,
"Department of Marine Sciences, University of the Aegean",1-marinespecies.org_users_2023-11-07,University of the Aegean - Department of Marine Sciences,Greece,,University,Science
University of Sheffield,1-marinespecies.org_users_2023-11-07,University of Sheffield,UK,,University,Science
Smithsonian Institution,1-marinespecies.org_users_2023-11-07,Smithsonian Institution,USA,,Research institute,Science
,1-marinespecies.org_users_2023-11-07,NA,,,,
"Maurice Lamontagne Institute, Fisheries and Oceans",1-marinespecies.org_users_2023-11-07,Government of Canada - Fisheries and Oceans Canada - Maurice Lamontagne Institute,Canada,,Research institute,Science
Natura Esperire/Experience Annalisa Tassini,1-marinespecies.org_users_2023-11-07,Natura Esperire/Experience Annalisa Tassini,Italy,,Other,Civil society
"Marine Research Lab, Zoological Institute RAS",1-marinespecies.org_users_2023-11-07,"Russian Academy of Sciences (RAS) - Zoological Institute, Marine Research Lab",Russia,,Research institute,Science
Southeast Missouri State University,1-marinespecies.org_users_2023-11-07,Southeast Missouri State University,USA,,University,Science
IMARES Wageningen UR,1-marinespecies.org_users_2023-11-07,IMARES - Wageningen Marine Research (WUR),,,,
Conchology Inc.,1-marinespecies.org_users_2023-11-07,Conchology Inc.,Philippines,,Company,Industry
Conchology Inc.,1-marinespecies.org_users_2023-11-07,Conchology Inc.,Phillipines,,Company,Industry
Cardiff University,1-marinespecies.org_users_2023-11-07,Cardiff University,UK,,University,Science
,1-marinespecies.org_users_2023-11-07,NA,,,,
,1-marinespecies.org_users_2023-11-07,NA,,,,
"Ifremer, Laboratoire des sciences de l’Environnement MARin (LEMAR)",1-marinespecies.org_users_2023-11-07,IFREMER Institut Français de Recherche pour l'Exploitation de la Mer - Laboratoire des sciences de l’Environnement MARin (LEMAR),,,,
,1-marinespecies.org_users_2023-11-07,NA,,,,
,1-marinespecies.org_users_2023-11-07,NA,,,,
,1-marinespecies.org_users_2023-11-07,NA,,,,
,1-marinespecies.org_users_2023-11-07,NA,,,,
,1-marinespecies.org_users_2023-11-07,NA,,,,
Washington State Department of Ecology,1-marinespecies.org_users_2023-11-07,Washington State Department of Ecology,USA,,Governmental body,Policy
Utrecht,1-marinespecies.org_users_2023-11-07,NA,,,,
Alfred Wegener Institute,1-marinespecies.org_users_2023-11-07,Alfred Wegener Institute for Polar and Marine Research (AWI),Germany,,Research institute,Science
University of Strathclyde  Dept. Mathematics and Statistics,1-marinespecies.org_users_2023-11-07,University of Sheffield - Department of Animal & Plant Sciences,UK,,University,Science
Wilhelmshaven,1-marinespecies.org_users_2023-11-07,Wilhelmshaven,Germany,,Other public authorities,Policy
University of Baghdad,1-marinespecies.org_users_2023-11-07,University of Baghdad,Iraq,,University,Science
,1-marinespecies.org_users_2023-11-07,NA,,,,
Bielefeld University,1-marinespecies.org_users_2023-11-07,Bielefeld University,Germany,,University,Science
,1-marinespecies.org_users_2023-11-07,NA,,,,
Florida Atlantic University,1-marinespecies.org_users_2023-11-07,Florida Atlantic University,USA,,University,Science
,1-marinespecies.org_users_2023-11-07,NA,,,,
University College London,1-marinespecies.org_users_2023-11-07,University College London,UK,,University,Science
,1-marinespecies.org_users_2023-11-07,NA,,,,
MNHN,1-marinespecies.org_users_2023-11-07,MNHN National Museum of Natural History,France,,Museum,Science
CREOCEAN,1-marinespecies.org_users_2023-11-07,NA,,,,
"Stazione Zoologica ""Anton Dohrn""",1-marinespecies.org_users_2023-11-07,Stazione Zoologica Anton Dohrn Napoli (SZN),Italy,,Research institute,Science
Akvaplan-niva,1-marinespecies.org_users_2023-11-07,Akvaplan Niva,Norway,,Consultancy,Industry
ICES,1-marinespecies.org_users_2023-11-07,ICES International Council for the Exploration of the Sea,,,,
University of Lille,1-marinespecies.org_users_2023-11-07,University of Lille,France,,University,Science
IFM-GEOMAR,1-marinespecies.org_users_2023-11-07,GEOMAR Helmholtz Centre for Ocean Research Kiel,Germany,,Research institute,Science
Systematik und Evolution der Tiere Freie Universität Berlin,1-marinespecies.org_users_2023-11-07,Free University of Berlin - Systematics and evolution of animals,Germany,,University,Science
CSIRO,1-marinespecies.org_users_2023-11-07,CSIRO (Commonwealth Scientific and Industrial Research Organisation),Australia,,Governmental body,Policy
UCSD,1-marinespecies.org_users_2023-11-07,"University of California, San Diego (UCSD)",USA,,University,Science
RIKZ,1-marinespecies.org_users_2023-11-07,RIKZ (Rijksinstituut voor Kust en Zee),Netherlands,,Governmental body,Policy
MBA,1-marinespecies.org_users_2023-11-07,MBA (Marine Biological Association),,,,
University of Aegean,1-marinespecies.org_users_2023-11-07,University of the Aegean,Greece,,University,Science
IFREMER,1-marinespecies.org_users_2023-11-07,IFREMER - DYNECO (Unité Dynamiques des Ecosystèmes Côtiers),France,,Research institute,Science
Laboratoire d’Océanographie Biologique de Banyuls sur Mer,1-marinespecies.org_users_2023-11-07,Sorbonne Université - LOBB Laboratoire d’Océanographie Biologique de Banyuls sur Mer,France,,Research institute,Science
Station Biologique de Roscoff,1-marinespecies.org_users_2023-11-07,Station Biologique de Roscoff,,,,
Marine Barcode of Life (MarBOL),1-marinespecies.org_users_2023-11-07,Marine Barcode of Life (MarBOL),Canada,,Data infrastructure,Science
IFREMER,1-marinespecies.org_users_2023-11-07,IFREMER - DYNECO (Unité Dynamiques des Ecosystèmes Côtiers),France,,Research institute,Science
"Department of Marine Ecology, National Environmental Institute, University of Aarhus",1-marinespecies.org_users_2023-11-07,Aarhus University - Department of Marine Ecology - National Environmental Research Institute,Denmark,,Research institute,Science
HCMR,1-marinespecies.org_users_2023-11-07,HCMR (Hellenic Centre for Marine Research),Greece,,Research institute,Science
"University of British Columbia, Fisheries Centre",1-marinespecies.org_users_2023-11-07,University of British Columbia - Fisheries Centre,Canada,,Research institute,Science
Saatchi & Saatchi,1-marinespecies.org_users_2023-11-07,Saatchi & Saatchi,Global,,Company,Industry
Universidade da Coruña,1-marinespecies.org_users_2023-11-07,University of A Coruña,Spain,,University,Science
University College London; Department of Geography,1-marinespecies.org_users_2023-11-07,University College London -  Department of Geography,UK,,University,Science
Finding Sanctuary Partnership,1-marinespecies.org_users_2023-11-07,NA,,,,
Unicomarine Ltd.,1-marinespecies.org_users_2023-11-07,Unicomarine Ltd.,UK,,Company,Industry
"BGBM, Berlin",1-marinespecies.org_users_2023-11-07,Botanical Garden and Botanical Museum (BGBM),Germany,,Museum,Science
GBIF,1-marinespecies.org_users_2023-11-07,GBIF Global Biodiversity Information Facility,Global,,Data infrastructure,Science
,1-marinespecies.org_users_2023-11-07,NA,,,,
Normandy Coastal Monitoring Survey,1-marinespecies.org_users_2023-11-07,Normandy Coastal Monitoring Survey,France,,Other,Civil society
MUMM,1-marinespecies.org_users_2023-11-07,RBINS Royal Belgian Institute of Natural Sciences (RBINS) - MUMM team (Management Unit of the Mathematical Model of the North Sea),,,,
MyDiveAlbum,1-marinespecies.org_users_2023-11-07,MyDiveAlbum,Global,,Creative body,Civil society
Society Groupement d’Intérêt Public Seine Aval,1-marinespecies.org_users_2023-11-07,Society Group of Public Interest Seine Aval,France,,Other,Civil society
University of California San Diego,1-marinespecies.org_users_2023-11-07,"University of California, San Diego (UCSD)",USA,,University,Science
Station marine de Wimereux,1-marinespecies.org_users_2023-11-07,University of Lille - Station marine de Wimereux,France,,Research institute,Science
University of Messina,1-marinespecies.org_users_2023-11-07,University of Messina,Italy,,University,Science
Ocean Genome Legacy,1-marinespecies.org_users_2023-11-07,Ocean Genome Legacy Center (OGL),USA,,Research institute,Science
GBIF Swiss Node,1-marinespecies.org_users_2023-11-07,GBIF Swiss Node,Switzerland,,Data infrastructure,Science
L'Institut de recherche pour le développement (IRD),1-marinespecies.org_users_2023-11-07,IRD L'Institut de recherche pour le développement,France,,Research institute,Science
AIMS,1-marinespecies.org_users_2023-11-07,AIMS (Australian Institute of Marine Science),Australia,,Research institute,Science
Environment BOKU - University of Natural Resources & Applied Life Sciences,1-marinespecies.org_users_2023-11-07,BOKU University of Natural Resources and Life Sciences,,,,
Australian Antarctic Division,1-marinespecies.org_users_2023-11-07,Australian Government - Department of the Environment and Energy - Australian Antarctic Division (AAD),Australia,,Research Institute,Science
MNHN,1-marinespecies.org_users_2023-11-07,MNHN National Museum of Natural History,France,,Museum,Science
GBIF,1-marinespecies.org_users_2023-11-07,GBIF Global Biodiversity Information Facility,Global,,Data infrastructure,Science
King Abdullah University of Science and Technology,1-marinespecies.org_users_2023-11-07,King Abdullah University of Science and Technology,Saudi Arabia,,University,Science
CSIRO Marine and Atmospheric Research,1-marinespecies.org_users_2023-11-07,CSIRO - Marine and Atmospheric Research,,,,
Trinity College Dublin,1-marinespecies.org_users_2023-11-07,Trinity College Dublin,Ireland,,University,Science
Instituto Mediterraneo de Estudios Avanzados (IMEDEA),1-marinespecies.org_users_2023-11-07,Mediterranean Institute for Advanced Studies (IMEDEA),Spain,,Research institute,Science
Senckenberg Forschungsinstitut und Naturmuseum Frankfurt,1-marinespecies.org_users_2023-11-07,Naturmuseum Senckenberg - Research Institute and Natural History Museum Frankfurt,Germany,,Research institute,Science
University of Alabama at Birmingham,1-marinespecies.org_users_2023-11-07,University of Alabama at Birmingham,USA,,University,Science
IFREMER - Centre de nantes Département EMH,1-marinespecies.org_users_2023-11-07,IFREMER Institut Français de Recherche pour l'Exploitation de la Mer - Centre de nantes Département EMH,,,,
Marine Ecological Solutions Ltd,1-marinespecies.org_users_2023-11-07,Marine Ecological Solutions Ltd,UK,,Consultancy,Industry
"Institute for Polar Ecology, University of Kiel",1-marinespecies.org_users_2023-11-07,University of Kiel - Institute for Polar Ecology,,,,
Federal Environmental Agency,1-marinespecies.org_users_2023-11-07,Federal Environmental Agency,Germany,,Governmental body,Policy
Central Marine Fisheries Research Institute,1-marinespecies.org_users_2023-11-07,ICAR (International Committee for Animal Recording) - Central Marine Fisheries Research Institute,India,,Research institute,Science
Dipartimento di Scienze per l'Ambiente; Università Parthenope,1-marinespecies.org_users_2023-11-07,University of Parthenope - Dipartimento di Scienze per l'Ambiente; ,,,,
Réserves Naturelles de France,1-marinespecies.org_users_2023-11-07,Réserves Naturelles de France,France,,Other public authorities,Policy
"School of Computer Science, University of Manchester, and National Centre for Text Mining (NaCTeM), Manchester Interdisciplinary Biocentre",1-marinespecies.org_users_2023-11-07,NA,,,,
Bundesamt für Seeschifffahrt und Hydrographie (BSH),1-marinespecies.org_users_2023-11-07,BSH (Federal Maritime and Hydrographic Agency of Germany),Germany,,Governmental body,Policy
Wikipedia,1-marinespecies.org_users_2023-11-07,Wikipedia,Global,,Other,Civil society
Wikipedia,1-marinespecies.org_users_2023-11-07,Wikipedia,Global,,Data infrastructure,Science
Wikipedia,1-marinespecies.org_users_2023-11-07,Wikipedia,Global,,Other,Civil society
Wikipedia,1-marinespecies.org_users_2023-11-07,Wikipedia,Global,,Data infrastructure,Science
Circolo attività Subacquee Chieri,1-marinespecies.org_users_2023-11-07,Chieri Underwater Activities Club,Italy,,Other,Civil society
Florida Fish and Wildlife Conservation Commission,1-marinespecies.org_users_2023-11-07,Florida Fish and Wildlife Conservation Commission,USA,,Governmental body,Policy
Plymouth Marine Laboratory,1-marinespecies.org_users_2023-11-07,PML (Plymouth Marine Laboratory),,,,
National Oceanic and Atmospheric Administration (NOAA); Marine Ecosystems Division,1-marinespecies.org_users_2023-11-07,NOAA National Oceanic and Atmospheric Administration - Marine Ecosystems Division,USA,,Governmental body,Policy
"National Museum of Natural History, Smithsonian Institution",1-marinespecies.org_users_2023-11-07,Smithsonian Institution - Smithsonian National Museum of Natural History,USA,,Museum,Science
"IRENAV, BCRM Brest, Ecole navale et groupe des écoles du Poulmic",1-marinespecies.org_users_2023-11-07,IRENav French Naval Academy Research Institute,France,,Research institute,Science
"Centre for Marine Living Resources & Ecology. Ministry of Earth Sciences, Govt. of India",1-marinespecies.org_users_2023-11-07,India government - Ministry of Earth Sciences - Centre for Marine Living Resources & Ecology (CMLRE),India,,Research institute,Science
"Centre for Marine and Environmental Studies (CESAM) & Department of Biology, University of Aveiro",1-marinespecies.org_users_2023-11-07,University of Aveiro - Department of Biology - Centre for Marine and Environmental Studies (CESAM)  ,Portugal,,Research institute,Science
"IFREMER–DYNECO/VIGIES, Nantes",1-marinespecies.org_users_2023-11-07,IFREMER - DYNECO (Unité Dynamiques des Ecosystèmes Côtiers),France,,Research institute,Science
,1-marinespecies.org_users_2023-11-07,NA,,,,
Musée cantonal de zoologie,1-marinespecies.org_users_2023-11-07,Musée cantonal de zoologie Lausanne,Switzerland,,Museum,Science
Musée cantonal de zoologie,1-marinespecies.org_users_2023-11-07,Musée cantonal de zoologie Lausanne,Switzerland,,Museum,Science
Diveboard.com,1-marinespecies.org_users_2023-11-07,Diveboard,France,,Other,Civil society
Dalhousie University,1-marinespecies.org_users_2023-11-07,Dalhousie University,Canada,,University,Science
"National Environmental Research Institute, Aarhus University, Dept. of Marine Ecology",1-marinespecies.org_users_2023-11-07,Aarhus University - Department of Marine Ecology - National Environmental Research Institute,Denmark,,Research institute,Science
"Department of Zoology, Trinity College Dublin",1-marinespecies.org_users_2023-11-07,Trinity College Dublin - Department of Zoology,Ireland,,University,Science
"Leigh Marine Laboratory, University of Auckland",1-marinespecies.org_users_2023-11-07,University of Auckland - Leigh Marine Laboratory,New Zealand,,Research institute,Science
Juan J. González,1-marinespecies.org_users_2023-11-07,NA,,,,
"Academia Sinica, Biodiversity Research Center",1-marinespecies.org_users_2023-11-07,Academia Sinica - Biodiversity Research Centre,Taiwan,,Research institute,Science
Divenation.com,1-marinespecies.org_users_2023-11-07,Divenation,UK,,Other,Civil society
Institute for Marine Resources and Ecosystem Studies (IMARES),1-marinespecies.org_users_2023-11-07,IMARES (Institute for Marine Resources and Ecosystem Studies),,,,
"Marine Scotland Science, Marine Laboratory",1-marinespecies.org_users_2023-11-07,Marine Scotland - Marine Laboratory,UK,,Research institute,Science
"Bangor University, School of Ocean Sciences",1-marinespecies.org_users_2023-11-07,Bangor University - School of Ocean Sciences,UK,,University,Science
"Environment Department, University of York",1-marinespecies.org_users_2023-11-07,University of York - Environment Department,UK,,University,Science
"US Environmental Protection Agency (US EPA), Coastal Ecology Branch",1-marinespecies.org_users_2023-11-07,"US Environmental Protection Agency (US EPA), Coastal Ecology Branch",USA,,Governmental body,Policy
"USGS Western Fisheries Research Center, Marine Hatfield Science Center",1-marinespecies.org_users_2023-11-07,US Geological Survey (USGS) - Western Fisheries Research Center,USA,,Research institute,Science
Wikipedia NL,1-marinespecies.org_users_2023-11-07,Wikipedia,Global,,Other,Civil society
Wikipedia NL,1-marinespecies.org_users_2023-11-07,Wikipedia,Global,,Data infrastructure,Science
Museum and Art Gallery of the Northern Territory,1-marinespecies.org_users_2023-11-07,MAGNT (Museum and Art Gallery of the Northern Territory),Australia,,Museum,Science
"Instituto de Tecnología y Ciencias Marinas, Universidad Simón Bolívar",1-marinespecies.org_users_2023-11-07,Simón Bolívar University - Institute of Technology and Marine Sciences,Venezuela,,Research institute,Science
Spanish National Cancer Research Centre,1-marinespecies.org_users_2023-11-07,CNIO (Spanish National Cancer Research Center),Spain,,Research institute,Science
Mathias Lindner,1-marinespecies.org_users_2023-11-07,personal,,,personal interest,Civil society
"University of Sheffield, Department of Animal & Plant Sciences",1-marinespecies.org_users_2023-11-07,University of Sheffield - Department of Animal & Plant Sciences,UK,,University,Science
"University of Essex, School of Computer Science and Electronic Engineering",1-marinespecies.org_users_2023-11-07,University of Essex - School of Computer Science and Electronic Engineering,UK,,University,Science
OAG - Observatorio Ambiental Granadilla,1-marinespecies.org_users_2023-11-07,Observatorio Ambiental Granadilla (OAG),,,,
"Centro de Investigaciones Marinas, Universidad de La Habana",1-marinespecies.org_users_2023-11-07,Universidad de La Habana - Centro de Investigaciones Marinas,Cuba,,Research institute,Science
National Museums Northern Ireland,1-marinespecies.org_users_2023-11-07,National Museums Northern Ireland,Ireland,,Museum,Science
National Institute for Environmental Research and Protection (ISPRA),1-marinespecies.org_users_2023-11-07,National Institute for Environmental Research and Protection (ISPRA),Italy,,Research institute,Science
"Biodiversity Institute of Ontario, University of Guelph",1-marinespecies.org_users_2023-11-07,University of Guelph - Biodiversity Institute of Ontario,Canada,,Research institute,Science
"Center for Macroecology, Evolution and Climate, Department of Biology, Copenhagen University",1-marinespecies.org_users_2023-11-07,"University of Copenhagen - Department of Biology - Center for Macroecology, Evolution and Climate",Denmark,,Research institute,Science
"CORPI, Klaipeda University",1-marinespecies.org_users_2023-11-07,Klaipeda University - Coastal Research and Planning Institute (CORPI),Lithuania,,Research institute,Science
Bitonga Ltd.,1-marinespecies.org_users_2023-11-07,Bitonga Ltd.,UK,,Company,Industry
"Petrobras, Rio de Janeiro",1-marinespecies.org_users_2023-11-07,Petrobras,Global,,Company,Industry
"Department of Zoology, Tel Aviv University, Tel Aviv",1-marinespecies.org_users_2023-11-07,Tel Aviv University - Department of Zoology,Israel,,University,Science
"CRM Coastal Research & Management, Kiel",1-marinespecies.org_users_2023-11-07,CRM Coastal Research & Management,Germany,,Research institute,Science
"CREOCEAN Society, Montpellier",1-marinespecies.org_users_2023-11-07,CREOCEAN,France,,Consultancy,Industry
"POMC Consulting (One World Analytics), Lancaster",1-marinespecies.org_users_2023-11-07,"POMC Consulting (One World Analytics), Lancaster",,,,
"Dep. Earth Sciences, Natural History Museum (NHM), London",1-marinespecies.org_users_2023-11-07,NHM (Natural History Museum) - Earth Sciences Department ,UK,,Museum,Science
"Centre for Environment, Fisheries & Aquaculture Science (CEFAS), Lowestoft",1-marinespecies.org_users_2023-11-07,"CEFAS (Centre for Environment, Fisheries and Aquaculture Science)",UK,,Research institute,Science
"Queen's University Marine Laboratory (QML), Belfast",1-marinespecies.org_users_2023-11-07,Queen's University - Marine Laboratory (QML),Ireland,,Research institute,Science
"OceanCertain - Norwegian University of Science and Technology (NTNU), Trondheim",1-marinespecies.org_users_2023-11-07,Norwegian University of Science and Technology (NTNU) - OceanCertain,Norway,,Research institute,Science
"Université Pierre et Marie Curie, Laboratoire d'Océanographie, Villefranche",1-marinespecies.org_users_2023-11-07,UPMC - Laboratoire d'Océanographie de Villefranche (LOV),France,,Research institute,Science
"Marine Biodiversity Center, Natural History Museum, Los Angeles",1-marinespecies.org_users_2023-11-07,NHM Natural History Museum of Los Angeles County - Marine Biodiversity Center,USA,,Research institute,Science
"Korea Institute of Ocean Science and Technology, Ocean Observation and Information Section",1-marinespecies.org_users_2023-11-07,KIOST (Korea Institute of Ocean Science and Technology) - Ocean Observation and Information Section,South Korea,,Research institute,Science
K2 Sistemas,1-marinespecies.org_users_2023-11-07,K2 Sistemas,Brazil,,Consultancy,Industry
The Marine Biological Association- Data Archive Centre (DASSH),1-marinespecies.org_users_2023-11-07,Marine Biological Association (MBA) - Data Archive Centre (DASSH),UK,,Data infrastructure,Science
International Council for the Exploration of the Sea (ICES),1-marinespecies.org_users_2023-11-07,ICES International Council for the Exploration of the Sea,,,,
Filipe Medina de Sousa,1-marinespecies.org_users_2023-11-07,personal,,,personal interest,Civil society
"University of California, Berkeley, Integrative Biology",1-marinespecies.org_users_2023-11-07,"University of California, Berkeley - Integrative Biology",,,,
"ARC Centre of Excellence for Coral Reef Studies, University of Queensland, Brisbane",1-marinespecies.org_users_2023-11-07,University of Queensland - ARC Centre of Excellence for Coral Reef Studies,,,,
National Oceanic and Atmospheric Administration (NOAA); Center for Coastal Environmental Health and Biomolecular Research,1-marinespecies.org_users_2023-11-07,NOAA National Oceanic and Atmospheric Administration - Center for Coastal Environmental Health and Biomolecular Research,USA,,Research institute,Science
Yale University,1-marinespecies.org_users_2023-11-07,Yale University,USA,,University,Science
"Friedrich-Alexander-Universität, Erlangen",1-marinespecies.org_users_2023-11-07,University of Erlangen-Nuremberg,Germany,,University,Science
"National Institute of Water and Atmospheric Research (NIWA), Wellington",1-marinespecies.org_users_2023-11-07,National Institute of Water and Atmospheric Research (NIWA),New Zealand,,Research institute,Science
"Biologica Environmental Services Ltd., Victoria",1-marinespecies.org_users_2023-11-07,Biologica Environmental Services Ltd.,Canada,,Company,Industry
"SAM-marin, Uni Research, Bergen",1-marinespecies.org_users_2023-11-07,Uni Research - SAM-marin (Section for applied marine environmental studies),Norway,,Research institute,Science
Personal,1-marinespecies.org_users_2023-11-07,personal,,,personal interest,Civil society
"Global Genome Initiative, Smithsonian Institution",1-marinespecies.org_users_2023-11-07,Smithsonian Institution - Smithsonian National Museum of Natural History - Global Genome Initiative (GGI),USA,,Museum,Science
Marine Ecological Surveys Ltd,1-marinespecies.org_users_2023-11-07,Marine Ecological Surveys Ltd,UK,,Consultancy,Industry
"Molecular, Ecology, Evolution and Phylogenetics research group, University of Sydney",1-marinespecies.org_users_2023-11-07,"University of Sydney - Molecular, Ecology, Evolution and Phylogenetics research group",,,,
"LifeWatchGreece (LWG), Hellenic Centre for Marine Research (HCMR)",1-marinespecies.org_users_2023-11-07,HCMR (Hellenic Centre for Marine Research),Greece,,Research institute,Science
"Moss Landing Marine Laboratory, California State University",1-marinespecies.org_users_2023-11-07,California State University - Moss Landing Marine Laboratory,USA,,Research institute,Science
"The Nature Conservancy, Houston, Texas",1-marinespecies.org_users_2023-11-07,The Nature Conservancy,USA,,Non-profit organization,Civil society
"Dept. of Civil and Environmental Engineering, Stanford University",1-marinespecies.org_users_2023-11-07,Stanford University - Department of Civil and Environmental Engineering,USA,,University,Science
"New York State Museum, Albany",1-marinespecies.org_users_2023-11-07,New York State Museum,USA,,Museum,Science
"Florida International University, Biscayne Bay Campus",1-marinespecies.org_users_2023-11-07,"Florida International University, Biscayne Bay Campus",USA,,University,Science
Joint Nature Conservation Committee (JNCC),1-marinespecies.org_users_2023-11-07,JNCC (Joint Nature Conservation Committee),UK,,Governmental body,Policy
"Beijing Genomics Institute (BGI), Shenzhen",1-marinespecies.org_users_2023-11-07,Beijing Genomics Institute (BGI),China,,Company,Industry
"Roger Williams University, Department of Biology and Marine Biology",1-marinespecies.org_users_2023-11-07,Roger Williams University - Department of Biology and Marine Biology,USA,,University,Science
"Departamento de Biotecnologia Marina, Centro de Investigación Científica y de Educación Superior de Ensenada (CICESE)",1-marinespecies.org_users_2023-11-07,Center for Scientific Research and Higher Education at Ensenada (CICESE) - Department of marine biotechnology,Mexico,,Research institute,Science
NETAXIA Limited,1-marinespecies.org_users_2023-11-07,NETAXIA Limited,UK,,Company,Industry
Japan Agency for Marine-Earth Science and Technology (JAMSTEC),1-marinespecies.org_users_2023-11-07,NA,,,,
"Cape Cod Museum of Natural History, Brewster, MA",1-marinespecies.org_users_2023-11-07,Cape Cod Museum of Natural History,USA,,Museum,Science
"Benthos Ecology, Marine Institute, Galway",1-marinespecies.org_users_2023-11-07,Marine Institute - Benthos Ecology Group,Ireland,,Research institute,Science
Dengun Lda.,1-marinespecies.org_users_2023-11-07,Dengun Digital Agency,Portugal,,Company,Industry
Aniol S.L.,1-marinespecies.org_users_2023-11-07,Aniol S.L.,UK,,Company,Industry
LazyDiving.com,1-marinespecies.org_users_2023-11-07,LazyDiving,China,,Creative body,Civil society
"Centre for Development Co-operation in Fisheries (CDCF), Institute of Marine Research",1-marinespecies.org_users_2023-11-07,Institute of Marine Research (IMR) - Centre for Development Co-operation in Fisheries (CDCF),Norway,,Research institute,Science
"University of Washington, School of Aquatic and Fishery Sciences, Washington",1-marinespecies.org_users_2023-11-07,University of Washington - School of Aquatic and Fishery Sciences,USA,,University,Science
,1-marinespecies.org_users_2023-11-07,NA,,,,
"Taxonomy Group, Genbank, National Center for Biotechnology Information, NIH",1-marinespecies.org_users_2023-11-07,National Center for Biotechnology Information (NCBI),USA,,Data infrastructure,Science
"Department of Energy and Process Engineering, Faculty of Engineering, NTNU, Trondheim",1-marinespecies.org_users_2023-11-07,Norwegian University of Science and Technology (NTNU) - Faculty of Engineering - Department of Energy and Process Engineering - Industrial Ecology Programme,Norway,,Research institute,Science
"South African Institute for Aquatic Biodiversity, Grahamstown",1-marinespecies.org_users_2023-11-07,South African Institute for Aquatic Biodiversity (SAIAB),South Africa,,Research institute,Science
"Quantitative Aquatics, Sto. Domingo",1-marinespecies.org_users_2023-11-07,"Quantitative Aquatics, Inc.",Philippines,,Company,Industry
"Department of Paleobiology, National Museum of Natural History, Smithsonian Institution",1-marinespecies.org_users_2023-11-07,Smithsonian Institution - Smithsonian National Museum of Natural History - Department of Paleobiology,USA,,Museum,Science
,1-marinespecies.org_users_2023-11-07,NA,,,,
"Ocean Networks Canada, University of Victoria",1-marinespecies.org_users_2023-11-07,University of Victoria - Ocean Networks Canada,Canada,,University,Science
Ocean Ecology,1-marinespecies.org_users_2023-11-07,Ocean Ecology,UK,,Consultancy,Industry
National Research Council of Italy (CNR),1-marinespecies.org_users_2023-11-07,National Research Council (CNR),Italy,,Governmental body,Policy
"Reef Life Apps, LLC",1-marinespecies.org_users_2023-11-07,"Reef Life Apps, LLC",Czech Republic,,Other,Civil society
"Japan Agency for Marine-Earth Science and Technology, Global Oceanographic Data Cente",1-marinespecies.org_users_2023-11-07,JAMSTEC (Japan Agency for Marine-Earth Science and Technology) - Global Oceanographic Data Cente,Japan,,Data infrastructure,Science
Wageningen Marine Research (IMARES) Institute for Marine Resources & Ecosystem Studies,1-marinespecies.org_users_2023-11-07,NA,,,,
,1-marinespecies.org_users_2023-11-07,NA,,,,
Marine and Freshwater Institute Iceland,1-marinespecies.org_users_2023-11-07,Marine and Freshwater Institute Iceland (MFRI),Iceland,,Research institute,Science
3T Software Labs GmbH,1-marinespecies.org_users_2023-11-07,3T Software Labs GmbH,Germany,,Company,Industry
University of New South Wales,1-marinespecies.org_users_2023-11-07,University of New South Wales,Australia,,University,Science
VIMAR (Vida Marina),1-marinespecies.org_users_2023-11-07,VIMAR (Vida Marina),,,,
"Atlantic Reference Centre, Huntsman Marine Science Centre",1-marinespecies.org_users_2023-11-07,Huntsman Marine Science Centre - Atlantic Reference Centre (ARC),Canada,,Research institute,Science
CCMAR University of Algarve,1-marinespecies.org_users_2023-11-07,University of Algarve - Center of Marine Sciences (CCMAR),Portugal,,Research institute,Science
CRACS - INESC TEC,1-marinespecies.org_users_2023-11-07,FCT (Portuguese National Science Foundation) - INESCTEC Research Laboratory - Center for Research in Advanced Computing Systems (CRACS),Portugal,,Research institute,Science
NOAA OER,1-marinespecies.org_users_2023-11-07,NOAA National Oceanic And Atmospheric Administration - OER Office of Ocean Exploration and Research,,,,
"Sorbonne Université - CNRS, Laboratoire d'Océanographie de Villefranche (LOV)",1-marinespecies.org_users_2023-11-07,UPMC - Laboratoire d'Océanographie de Villefranche (LOV),France,,Research institute,Science
National University of Ireland Galway,1-marinespecies.org_users_2023-11-07,National University of Ireland Galway,Ireland,,University,Science
,1-marinespecies.org_users_2023-11-07,NA,,,,
,1-marinespecies.org_users_2023-11-07,NA,,,,
,1-marinespecies.org_users_2023-11-07,NA,,,,
,1-marinespecies.org_users_2023-11-07,NA,,,,
,1-marinespecies.org_users_2023-11-07,NA,,,,
Natural History Collections of Tyrolean State Museum Ferdinandeum,1-marinespecies.org_users_2023-11-07,Tyrolean State Museum Ferdinandeum - Natural History Collections,Austria,,Museum,Science
Diving Canary Islands,1-marinespecies.org_users_2023-11-07,NA,,,,
,1-marinespecies.org_users_2023-11-07,NA,,,,
"Ensenada Center for Scientific Research and Higher Education, CICESE",1-marinespecies.org_users_2023-11-07,Center for Scientific Research and Higher Education at Ensenada (CICESE),Mexico,,Research institute,Science
,1-marinespecies.org_users_2023-11-07,NA,,,,
University Hamburg; Zentrum für Bioinformatik,1-marinespecies.org_users_2023-11-07,University of Hamburg - Center for Bioinformatics,Germany,,Research institute,Science
Fisheries Research Station junagadh agricultural university sikka ,1-marinespecies.org_users_2023-11-07,Junagadh agricultural university - Fisheries Research Station Sikka,India,,Research institute,Science
Office de l'Environnement de la Corse,1-marinespecies.org_users_2023-11-07,Office de l'Environnement de la Corse,France,,Governmental body,Policy
Beijing Genomics Institute (BGI),1-marinespecies.org_users_2023-11-07,Beijing Genomics Institute (BGI),China,,Company,Industry
Northwest University,1-marinespecies.org_users_2023-11-07,Northwest University of China,China,,University,Science
Beijing Genomics Institute (BGI),1-marinespecies.org_users_2023-11-07,Beijing Genomics Institute (BGI),China,,Company,Industry
,1-marinespecies.org_users_2023-11-07,NA,,,,
,1-marinespecies.org_users_2023-11-07,NA,,,,
Western Pacific Regional Fishery Management Council,1-marinespecies.org_users_2023-11-07,Western Pacific Regional Fishery Management Council,USA,,Governmental body,Policy
Axiom Data Science,1-marinespecies.org_users_2023-11-07,Axiom Data Science,USA,,Data infrastructure,Science
European Commission -  DG SANTE,1-marinespecies.org_users_2023-11-07,EU - European Commission -  DG SANTE (DG for Health and Food Safety),Europe,,EU institution,Policy
Arctos,1-marinespecies.org_users_2023-11-07,Arctos,USA,,Company,Industry
NOAA-NCEI,1-marinespecies.org_users_2023-11-07,NOAA National Oceanic And Atmospheric Administration - NCEI National Centers for Environmental Information,USA,,Governmental body,Policy
,1-marinespecies.org_users_2023-11-07,NA,,,,
University Hamburg; Center for Natural History,1-marinespecies.org_users_2023-11-07,University of Hamburg - Center for Natural History,,,,
,1-marinespecies.org_users_2023-11-07,NA,,,,
,1-marinespecies.org_users_2023-11-07,NA,,,,
,1-marinespecies.org_users_2023-11-07,NA,,,,
Fugro GB Marine Ltd,1-marinespecies.org_users_2023-11-07,Fugro,Global,,Consultancy,Industry
,1-marinespecies.org_users_2023-11-07,NA,,,,
,1-marinespecies.org_users_2023-11-07,NA,,,,
"Taiwan Biodiversity Information Facility (TaiBIF), Biodiversity Research Centre, Academia Sinica",1-marinespecies.org_users_2023-11-07,Academia Sinica - Biodiversity Research Centre - Taiwan Biodiversity Information Facility (TaiBIF),Taiwan,,Data infrastructure,Science
,1-marinespecies.org_users_2023-11-07,NA,,,,
BASF SE,1-marinespecies.org_users_2023-11-07,BASF,Global,,Company,Industry
California Academy of Sciences,1-marinespecies.org_users_2023-11-07,California Academy of Sciences,USA,,University,Science
"Museu de Ciències Naturals de Barcelona, Department of Palaeontology",1-marinespecies.org_users_2023-11-07,Museum of Natural Sciences of Barcelona - Department of Palaeontology,Spain,,Museum,Science
Alive Fundació,1-marinespecies.org_users_2023-11-07,Alive Fund,Spain,,Non-profit organization,Civil society
,1-marinespecies.org_users_2023-11-07,NA,,,,
Insitech Partners LLC,1-marinespecies.org_users_2023-11-07,Insitech Partners LLC,USA,,Company,Industry
"Duke University, William Peace University",1-marinespecies.org_users_2023-11-07,Duke University,USA,,University,Science
,1-marinespecies.org_users_2023-11-07,NA,,,,
,1-marinespecies.org_users_2023-11-07,NA,,,,
,1-marinespecies.org_users_2023-11-07,NA,,,,
"Canadian National Collection of Insects, Arachnids & Nematodes",1-marinespecies.org_users_2023-11-07,"Ottawa Research and Development Centre - Canadian National Collection of Insects, Arachnids & Nematodes",Canada,,Research institute,Science
University of Louisiana at Lafayette,1-marinespecies.org_users_2023-11-07,University of Louisiana at Lafayette,USA,,University,Science
University Hamburg; Zentrum für Bioinformatik,1-marinespecies.org_users_2023-11-07,University of Hamburg - Center for Bioinformatics,Germany,,Research institute,Science
,1-marinespecies.org_users_2023-11-07,NA,,,,
Cercle Geologique du Hainaut,1-marinespecies.org_users_2023-11-07,Cercle Geologique du Hainaut,France,,Research institute,Science
Thomson Environmental Consultants,1-marinespecies.org_users_2023-11-07,Thomson Environmental Consultants,UK,,Consultancy,Industry
,1-marinespecies.org_users_2023-11-07,NA,,,,
,1-marinespecies.org_users_2023-11-07,NA,,,,
,1-marinespecies.org_users_2023-11-07,NA,,,,
,1-marinespecies.org_users_2023-11-07,NA,,,,
"Project Manager - DDTS EU Exit Programme| Department for Environment, Food and Rural Affairs",1-marinespecies.org_users_2023-11-07,"UK government - Department for Environment, Food and Rural Affairs - Digital, Data & Technology Services (DDTS) EU Exit Programme",UK,,Governmental body,Policy
,1-marinespecies.org_users_2023-11-07,NA,,,,
"Industrial Ecology Programme, Department of Energy and Process Engineering, Norwegian University of Science and Technology (NTNU)",1-marinespecies.org_users_2023-11-07,Norwegian University of Science and Technology (NTNU) - Faculty of Engineering - Department of Energy and Process Engineering - Industrial Ecology Programme,Norway,,Research institute,Science
KBIN,1-marinespecies.org_users_2023-11-07,RBINS Royal Belgian Institute of Natural Sciences (RBINS),,,,
Universidad de Murcia,1-marinespecies.org_users_2023-11-07,University of Murcia,Spain,,University,Science
Selkirk College,1-marinespecies.org_users_2023-11-07,Selkirk College,Canada,,University,Science
"ddms, Inc.",1-marinespecies.org_users_2023-11-07,DDMS Inc.,USA,,Company,Industry
BGBM,1-marinespecies.org_users_2023-11-07,Botanical Garden and Botanical Museum (BGBM),Germany,,Museum,Science
,1-marinespecies.org_users_2023-11-07,NA,,,,
"Biodiversity Research Center, Academia Sinica",1-marinespecies.org_users_2023-11-07,Academia Sinica - Biodiversity Research Centre,Taiwan,,Research institute,Science
Revive & Restore,1-marinespecies.org_users_2023-11-07,Revive & Restore,USA,,Company,Industry
CNRS IMBE: Mediterranean institute of Biodiversity and Ecology (marine and continental),1-marinespecies.org_users_2023-11-07,CNRS - Mediterranean institute of Biodiversity and Ecology IMBE,France,,Research institute,Science
Draper,1-marinespecies.org_users_2023-11-07,Draper Inc. ,USA,,Company,Industry
Haus der Natur Salzburg,1-marinespecies.org_users_2023-11-07,Haus der Natur Salzburg,Austria,,Museum,Science
Station Biologique de Roscoff - CNRS - Sorbonne Université,1-marinespecies.org_users_2023-11-07,Station Biologique de Roscoff,,,,
cefas,1-marinespecies.org_users_2023-11-07,"CEFAS (Centre for Environment, Fisheries and Aquaculture Science)",UK,,Research institute,Science
University of Southampton,1-marinespecies.org_users_2023-11-07,University of Southampton,UK,,University,Science
"National Taiwan Ocean University,Department of Food Science",1-marinespecies.org_users_2023-11-07,National Taiwan Ocean University (NTOU) - Department of Food Science,Taiwan,,University,Science
Stichting observation international,1-marinespecies.org_users_2023-11-07,observation international,Global,,Other,Civil society
Cornell University/University of Saskatchewan,1-marinespecies.org_users_2023-11-07,Cornell University,USA,,University,Science
,1-marinespecies.org_users_2023-11-07,NA,,,,
eOceans,1-marinespecies.org_users_2023-11-07,eOceans,Global,,Creative body,Civil society
Barcode of Life Datasystem (BOLD) - Centre for Biodiversity Genomics (CBG) ,1-marinespecies.org_users_2023-11-07,Centre for Biodiversity Genomics (CBG),Canada,,Research institute,Science
NUI Galway,1-marinespecies.org_users_2023-11-07,National University of Ireland Galway,Ireland,,University,Science
University of Hawaii at Hilo,1-marinespecies.org_users_2023-11-07,NA,,,,
Dalhousie University,1-marinespecies.org_users_2023-11-07,Dalhousie University,Canada,,University,Science
Seasearch c/o Marine Conservation Society,1-marinespecies.org_users_2023-11-07,Marine Conservation Society,UK,,Non-profit organization,Civil society
Missouri Botanical Garden,1-marinespecies.org_users_2023-11-07,NA,,,,
"Swedish Museum of Natural History, Department of Palaeobiology",1-marinespecies.org_users_2023-11-07,Swedish Museum of Natural History - Department of Palaeobiology,Sweden,,Museum,Science
ILVO,1-marinespecies.org_users_2023-11-07,"ILVO Flanders Research Institute for Agriculture, Fisheries and Food",Belgium,x,Research institute,Science
CEFAS,1-marinespecies.org_users_2023-11-07,"CEFAS (Centre for Environment, Fisheries and Aquaculture Science)",UK,,Research institute,Science
,1-marinespecies.org_users_2023-11-07,NA,,,,
Massey University Auckland,1-marinespecies.org_users_2023-11-07,Massey University,New Zealand,,University,Science
The University of Chicago,1-marinespecies.org_users_2023-11-07,NA,,,,
North Carolina Museum of Natural Sciences,1-marinespecies.org_users_2023-11-07,NA,,,,
Hafok,1-marinespecies.org_users_2023-11-07,Hafok AB,Sweden,,Consultancy,Industry
Stony Brook University,1-marinespecies.org_users_2023-11-07,Stony Brook University,,,,
Imperial College London,1-marinespecies.org_users_2023-11-07,Imperial College London,,,,
Zoological Society of London,1-marinespecies.org_users_2023-11-07,Zoological Society of London,UK,,Non-profit organization,Policy
Yale University,1-marinespecies.org_users_2023-11-07,Yale University,USA,,University,Science
"Fisheries and Oceans Canada, Pacific Biological Station",1-marinespecies.org_users_2023-11-07,Government of Canada - Fisheries and Oceans Canada - Pacific Biological Station,,,,
Scottish Environment Protection Agency,1-marinespecies.org_users_2023-11-07,NA,,,,
Dalhousie Univeristy,1-marinespecies.org_users_2023-11-07,NA,,,,
Field Museum of Natural History,1-marinespecies.org_users_2023-11-07,NA,,,,
Executive Environmnet Agency,1-marinespecies.org_users_2023-11-07,Ministry of Environment and Water - Executive Environment Agency (ExEA),Bulgaria,,Governmental body,Policy
Murdoch University,1-marinespecies.org_users_2023-11-07,NA,,,,
Individual,1-marinespecies.org_users_2023-11-07,personal,,,personal interest,Civil society
Natural Resources Wales,1-marinespecies.org_users_2023-11-07,Natural Resources Wales,UK,,Governmental body,Policy
"iNaturalist, California Academy of Scienes and National Geogrraphic Society",1-marinespecies.org_users_2023-11-07,National Geographic Society (NGS),USA,,Non-profit organization,Civil society
"National Institutes of Health, National Center for Biotechnology Information",1-marinespecies.org_users_2023-11-07,National Center for Biotechnology Information (NCBI),USA,,Data infrastructure,Science
California Academy of Sciences,1-marinespecies.org_users_2023-11-07,California Academy of Sciences,USA,,University,Science
Cawthron Institute,1-marinespecies.org_users_2023-11-07,NA,,,,
,1-marinespecies.org_users_2023-11-07,NA,,,,
University of New Hampshire,1-marinespecies.org_users_2023-11-07,University of New Hampshire,USA,,University,Science
Monterey Bay Aquarium Research Institute (MBARI),1-marinespecies.org_users_2023-11-07,NA,,,,
Virginia Institute of Marine Science,1-marinespecies.org_users_2023-11-07,NA,,,,
,1-marinespecies.org_users_2023-11-07,NA,,,,
Senckenberg Research Institute and Natural History Museum,1-marinespecies.org_users_2023-11-07,Naturmuseum Senckenberg - Research Institute and Natural History Museum Frankfurt,Germany,,Research institute,Science
,1-marinespecies.org_users_2023-11-07,NA,,,,
VIMAR - Vida Marina ,1-marinespecies.org_users_2023-11-07,NA,,,,
,1-marinespecies.org_users_2023-11-07,NA,,,,
,1-marinespecies.org_users_2023-11-07,NA,,,,
,1-marinespecies.org_users_2023-11-07,NA,,,,
,1-marinespecies.org_users_2023-11-07,NA,,,,
Universidade Federal Fluminense,1-marinespecies.org_users_2023-11-07,NA,,,,
,1-marinespecies.org_users_2023-11-07,NA,,,,
BGI-Qingdao,1-marinespecies.org_users_2023-11-07,BGI-Qingdao,China,,Company,Industry
BGI-Qingdao,1-marinespecies.org_users_2023-11-07,BGI-Qingdao,China,,Company,Industry
Smithsonian,1-marinespecies.org_users_2023-11-07,NA,,,,
"Ocean University of China, College of Marine Life",1-marinespecies.org_users_2023-11-07,NA,,,,
"Institute of Microbiology, Chinese Academy of Sciences (CAS)",1-marinespecies.org_users_2023-11-07,NA,,,,
"The Department of Agriculture, Environment and Rural Affairs ",1-marinespecies.org_users_2023-11-07,NA,,,,
,1-marinespecies.org_users_2023-11-07,NA,,,,
University of Tartu,1-marinespecies.org_users_2023-11-07,University of Tartu,Estonia,,University,Science
,1-marinespecies.org_users_2023-11-07,NA,,,,
College of Marine Life Science Ocean University of China,1-marinespecies.org_users_2023-11-07,Ocean University of China - College of Marine Life Sciences,China,,University,Science
OBIS/Project office for IODE,1-marinespecies.org_users_2023-11-07,NA,,,,
,1-marinespecies.org_users_2023-11-07,NA,,,,
,1-marinespecies.org_users_2023-11-07,NA,,,,
,1-marinespecies.org_users_2023-11-07,NA,,,,
Galway Marine Institute - Foras na Mara,1-marinespecies.org_users_2023-11-07,Marine Institute,Ireland,,Research institute,Science
"Institute of Animals, Chinese Academy of Sciences",1-marinespecies.org_users_2023-11-07,NA,,,,
,1-marinespecies.org_users_2023-11-07,NA,,,,
,1-marinespecies.org_users_2023-11-07,NA,,,,
The University of Hong Kong,1-marinespecies.org_users_2023-11-07,NA,,,,
,1-marinespecies.org_users_2023-11-07,NA,,,,
"Alfred Wegener Institute, Helmholtz Center for Polar and Marine Research, and Helmholtz Institute for Functional Marine Biodiversity at University Oldenburg",1-marinespecies.org_users_2023-11-07,NA,,,,
,1-marinespecies.org_users_2023-11-07,NA,,,,
,1-marinespecies.org_users_2023-11-07,NA,,,,
National Research Council of Italy,1-marinespecies.org_users_2023-11-07,NA,,,,
,1-marinespecies.org_users_2023-11-07,NA,,,,
,1-marinespecies.org_users_2023-11-07,NA,,,,
Yale University,1-marinespecies.org_users_2023-11-07,Yale University,USA,,University,Science
Ocean Ecology Limited,1-marinespecies.org_users_2023-11-07,NA,,,,
University of Guelph,1-marinespecies.org_users_2023-11-07,NA,,,,
"University of California, Berkeley",1-marinespecies.org_users_2023-11-07,NA,,,,
University of Bologna,1-marinespecies.org_users_2023-11-07,NA,,,,
University of Tartu Natural History Museum,1-marinespecies.org_users_2023-11-07,NA,,,,
,1-marinespecies.org_users_2023-11-07,NA,,,,
Amelior,1-marinespecies.org_users_2023-11-07,NA,,,,
,1-marinespecies.org_users_2023-11-07,NA,,,,
,1-marinespecies.org_users_2023-11-07,NA,,,,
Museum of Comparative Zoology,1-marinespecies.org_users_2023-11-07,Harvard University - Harvard Museum of Comparative Zoology,USA,,Museum,Science
Cyprus University of Technology,1-marinespecies.org_users_2023-11-07,Cyprus University of Technology,Cyprus,,University,Science
National Marine Fisheries Research Institute,1-marinespecies.org_users_2023-11-07,NA,,,,
Aquazoo Löbbecke Museum Düsseldorf,1-marinespecies.org_users_2023-11-07,NA,,,,
,1-marinespecies.org_users_2023-11-07,NA,,,,
Max Planck Institute for Mathematics in the Sciences,1-marinespecies.org_users_2023-11-07,Max-Planck-Institute für Mathematics in the Sciences,,,,
"Centre of Excellence in Marine Biology   University of Karachi, Karachi",1-marinespecies.org_users_2023-11-07,NA,,,,
,1-marinespecies.org_users_2023-11-07,NA,,,,
Personal application,1-marinespecies.org_users_2023-11-07,NA,,,,
Vrije Universiteit Amsterdam,1-marinespecies.org_users_2023-11-07,NA,,,,
Monterey Bay Aquarium Research Institute (MBARI),1-marinespecies.org_users_2023-11-07,NA,,,,
Base de Données des Espèces Non Domestiques (BDEND),1-marinespecies.org_users_2023-11-07,NA,,,,
Virginia Institute of Marine Science,1-marinespecies.org_users_2023-11-07,NA,,,,
"Muséum national d'Histoire naturelle (MNHN), Paris",1-marinespecies.org_users_2023-11-07,NA,,,,
MPEDA ,1-marinespecies.org_users_2023-11-07,India government - Marine Products Export Development Authority (MPEDA),India,,Governmental body,Policy
Eco Marine Consultants,1-marinespecies.org_users_2023-11-07,Eco Marine Consultants,UK,,Consultancy,Industry
,1-marinespecies.org_users_2023-11-07,NA,,,,
Ocean Networks Canada,1-marinespecies.org_users_2023-11-07,University of Victoria - Ocean Networks Canada,Canada,,University,Science
university of haifa,1-marinespecies.org_users_2023-11-07,NA,,,,
institute of zoology,1-marinespecies.org_users_2023-11-07,NA,,,,
University of Southern Denmark ,1-marinespecies.org_users_2023-11-07,NA,,,,
Universidade de Vigo,1-marinespecies.org_users_2023-11-07,University of Vigo,Spain,,University,Science
Beijing Normal University,1-marinespecies.org_users_2023-11-07,NA,,,,
 Hellenic open University,1-marinespecies.org_users_2023-11-07,NA,,,,
Leipzig University,1-marinespecies.org_users_2023-11-07,NA,,,,
Smithsonian National Museum of Natural History,1-marinespecies.org_users_2023-11-07,NA,,,,
Leibniz Institute for the Analysis of Biodiversity Change,1-marinespecies.org_users_2023-11-07,NA,,,,
Northeastern Asia Biodiversity Institute,1-marinespecies.org_users_2023-11-07,NA,,,,
Informatiehuis Marien (IHM) - Dutch Marine Information and Data Centre),1-marinespecies.org_users_2023-11-07,NA,,,,
"National Center for Biotechnology Information, NIH",1-marinespecies.org_users_2023-11-07,NA,,,,
University of Miami,1-marinespecies.org_users_2023-11-07,NA,,,,
"University of Colorado, Boulder",1-marinespecies.org_users_2023-11-07,NA,,,,
Hyperion Technology Group,1-marinespecies.org_users_2023-11-07,NA,,,,
University of Maryland,1-marinespecies.org_users_2023-11-07,NA,,,,
"Università Politecnica delle Marche, Department of Life and Environmental Sciences",1-marinespecies.org_users_2023-11-07,NA,,,,
Biologica Environmental Services Ltd.,1-marinespecies.org_users_2023-11-07,NA,,,,
VLIZ,1-marinespecies.org_users_2023-11-07,VLIZ Flanders Marine Institute,Belgium,x,Research institute,Science
"Instituto de Ciencias del Mar y Limnología, Universidad Nacional Autónoma de México",1-marinespecies.org_users_2023-11-07,National Autonomous University of Mexico (UNAM),Mexico,,University,Science
Kiel University,1-marinespecies.org_users_2023-11-07,NA,,,,
"Pristine Seas, National Geographic",1-marinespecies.org_users_2023-11-07,NA,,,,
Paleontological Research Institution,1-marinespecies.org_users_2023-11-07,NA,,,,
National University of Singapore,1-marinespecies.org_users_2023-11-07,National University of Singapore,Singapore,,University,Science
University of Georgia,1-marinespecies.org_users_2023-11-07,NA,,,,
University of Hawaii at Hilo,1-marinespecies.org_users_2023-11-07,NA,,,,
University of Guelph,1-marinespecies.org_users_2023-11-07,NA,,,,
Utwente,1-marinespecies.org_users_2023-11-07,NA,,,,
Durham University,1-marinespecies.org_users_2023-11-07,NA,,,,
Mahidol University,1-marinespecies.org_users_2023-11-07,NA,,,,
"Stockholm Resilience Centre, Stockholm University",1-marinespecies.org_users_2023-11-07,NA,,,,
KU Leuven,1-marinespecies.org_users_2023-11-07,Catholique University of Louvain,Belgium,x,University,Science
XMU(Xiamen University),1-marinespecies.org_users_2023-11-07,NA,,,,
Institute of Biology,1-marinespecies.org_users_2023-11-07,NA,,,,
"Mississippi State University, NOAA, and the Northern Gulf Institute",1-marinespecies.org_users_2023-11-07,NA,,,,
British Oceanographic Data Centre,1-marinespecies.org_users_2023-11-07,NA,,,,
Aalborg University,1-marinespecies.org_users_2023-11-07,NA,,,,
British Shell Collectors Club,1-marinespecies.org_users_2023-11-07,NA,,,,
Ocean Networks Canada,1-marinespecies.org_users_2023-11-07,University of Victoria - Ocean Networks Canada,Canada,,University,Science
Poznan Supercomputing and Networking Center,1-marinespecies.org_users_2023-11-07,NA,,,,
Denver Museum of Nature and Science,1-marinespecies.org_users_2023-11-07,NA,,,,
NTNU Vitenskapsmuseet,1-marinespecies.org_users_2023-11-07,NA,,,,
Thünen Institute of Sea Fisheries,1-marinespecies.org_users_2023-11-07,NA,,,,
VLIZ,1-marinespecies.org_users_2023-11-07,VLIZ Flanders Marine Institute,Belgium,x,Research institute,Science
Altas of Living Australia,1-marinespecies.org_users_2023-11-07,NA,,,,
University of Colorado Boulder,1-marinespecies.org_users_2023-11-07,University of Colorado Boulder,USA,,University,Science
"Department of Biodiversity, Conservtion and Attractions",1-marinespecies.org_users_2023-11-07,NA,,,,
Interoceanmetal Joint Organization,1-marinespecies.org_users_2023-11-07,NA,,,,
Environment Southland,1-marinespecies.org_users_2023-11-07,NA,,,,
National Academy of Marine Research,1-marinespecies.org_users_2023-11-07,NA,,,,
Centre d'Etudes Biologiques de Chizé,1-marinespecies.org_users_2023-11-07,NA,,,,
Institute for Environmental Protection and Research (ISPRA),1-marinespecies.org_users_2023-11-07,NA,,,,
National Research Institute of Fisheries Science,1-marinespecies.org_users_2023-11-07,NA,,,,
Centro de Ecología Aplicada,1-marinespecies.org_users_2023-11-07,NA,,,,
ILVO DIER1,1-marinespecies.org_users_2023-11-07,NA,,,,
University of Western Australia,1-marinespecies.org_users_2023-11-07,University of Western Australia,Australia,,University,Science
Institut de Recherche pour le Développement (IRD),1-marinespecies.org_users_2023-11-07,NA,,,,
Natural History Museum,1-marinespecies.org_users_2023-11-07,NHM (Natural History Museum),UK,,Museum,Science
University of Durham,1-marinespecies.org_users_2023-11-07,NA,,,,
"Universidad EAFIT, Universidad de Antioquia",1-marinespecies.org_users_2023-11-07,NA,,,,
Swedish Meteorological and Hydrological Institute,1-marinespecies.org_users_2023-11-07,NA,,,,
INRAE,1-marinespecies.org_users_2023-11-07,NA,,,,
AI LAB,1-marinespecies.org_users_2023-11-07,NA,,,,
Archireef,1-marinespecies.org_users_2023-11-07,NA,,,,
University of Alabama,1-marinespecies.org_users_2023-11-07,NA,,,,
IDLab (Ghent University - imec),1-marinespecies.org_users_2023-11-07,NA,,,,
"Institute of Evolutionary Biology (IBE, UPF-CSIC)",1-marinespecies.org_users_2023-11-07,NA,,,,
Harokopio University of Athens,1-marinespecies.org_users_2023-11-07,NA,,,,
Hokkaido University,1-marinespecies.org_users_2023-11-07,Hokkaido University,Japan,,University,Science
University of British Columbia,1-marinespecies.org_users_2023-11-07,University of British Columbia,Canada,,University,Science
Natural History Museum of LA,1-marinespecies.org_users_2023-11-07,NA,,,,
Colgate University,1-marinespecies.org_users_2023-11-07,NA,,,,
University of Washington,1-marinespecies.org_users_2023-11-07,University of Washington,USA,,University,Science
National Research Council - University of Salento - LifeWatch Italy,1-marinespecies.org_users_2023-11-07,NA,,,,
NTNU Norway,1-marinespecies.org_users_2023-11-07,NA,,,,
IPMA,1-marinespecies.org_users_2023-11-07,NA,,,,
NOAA,1-marinespecies.org_users_2023-11-07,NOAA National Oceanic And Atmospheric Administration,USA,,Governmental body,Policy
the University of Tokyo,1-marinespecies.org_users_2023-11-07,NA,,,,
"University of Natural Resources and Life Sciences, Vienna",1-marinespecies.org_users_2023-11-07,NA,,,,
Università di Firenze,1-marinespecies.org_users_2023-11-07,NA,,,,
Indian Institute of Science Education and Research,1-marinespecies.org_users_2023-11-07,NA,,,,
Esox Biologics Ltd,1-marinespecies.org_users_2023-11-07,NA,,,,
Norwegina Institute for Nature Research,1-marinespecies.org_users_2023-11-07,NA,,,,
The University of Western Australia,1-marinespecies.org_users_2023-11-07,NA,,,,
Universidad Nacional Agraria La Molina,1-marinespecies.org_users_2023-11-07,NA,,,,
Instituto Politecnico Nacional,1-marinespecies.org_users_2023-11-07,NA,,,,
USGS,1-marinespecies.org_users_2023-11-07,NA,,,,
Det Teknologiske Universitet (DTU),1-marinespecies.org_users_2023-11-07,NA,,,,
Ghent University,1-marinespecies.org_users_2023-11-07,Ghent University,Belgium,x,University,Science
CNRS,1-marinespecies.org_users_2023-11-07,CNRS,France,,Research institute,Science
ifremer,1-marinespecies.org_users_2023-11-07,NA,,,,
