source,raw_institute,user_identifier,stand_institute,country,flemish,group,qh
1-marinespecies.org_users_2023-11-07,Hellenic Centre for Marine Research (HCMR),085adf74-8ba7-4ee7-bfa0-bd157539c2c7,HCMR (Hellenic Centre for Marine Research),Greece,,Research institute,Science
1-marinespecies.org_users_2023-11-07,Ministry for Environment and Territory Protection; Nature Protection Directorate,034b46ba-58c3-4f09-8b0b-6f6fcd3fa869,Italy government - Ministry for Environment and Territory Protection - Nature Protection Directorate,Italy,,Governmental body,Policy
1-marinespecies.org_users_2023-11-07,Federal Environmental Agency,bd159235-44e8-4663-820f-bb8fd0379b50,Federal Environmental Agency,Germany,,Governmental body,Policy
1-marinespecies.org_users_2023-11-07,National Cancer Institute,e1a092ad-360d-4daa-9c9c-bbffdadacea8,National Cancer Institute (NCI),USA,,Research institute,Science
1-marinespecies.org_users_2023-11-07,IFREMER,5ced38a8-3447-487b-a1ff-cccb6d40eb44,IFREMER - DYNECO (Unité Dynamiques des Ecosystèmes Côtiers),France,,Research institute,Science
1-marinespecies.org_users_2023-11-07,RIZA-WILB,56cd54a3-6d86-4479-8e52-4cd491af8c98,RIZA (Rijksinstituut voor de Zuivering van Afvalwater),Netherlands,,Governmental body,Policy
1-marinespecies.org_users_2023-11-07,European Topic Centre on Nature Protection and Biodiversity,c7e5b3c7-784e-441e-80e9-101d28ba7b6b,European Topic Centre on Nature Protection and Biodiversity,Europe,,Research institute,Science
1-marinespecies.org_users_2023-11-07,National Environmental Research Institute,1f34c81c-3fe6-4782-a2ff-af99af885194,Aarhus University - Department of Marine Ecology - National Environmental Research Institute,Denmark,,Research institute,Science
1-marinespecies.org_users_2023-11-07,MBL,2a05f8e7-b154-4bb5-b069-454cd6125c8b,MBL,USA,,Company,Industry
1-marinespecies.org_users_2023-11-07,Hafok,a22bb7b4-9aca-4438-8ba4-c8f1f3637083,Hafok AB,Sweden,,Consultancy,Industry
1-marinespecies.org_users_2023-11-07,Smithsonian Institution,943560e2-dd10-4b70-be03-d762d7822622,Smithsonian Institution,USA,,Research institute,Science
1-marinespecies.org_users_2023-11-07,ETI BioInformatics,b8f26c40-da7c-432c-aeac-78f859208432,ETI BioInformatics,Netherlands,,Company,Industry
1-marinespecies.org_users_2023-11-07,Marine Life Information Network (MarLIN),92c7ba11-9a85-4564-a2f0-c0d2f5af5e1a,MarLIN (Marine Life Information Network),UK,,Data infrastructure,Science
1-marinespecies.org_users_2023-11-07,L’Agence des aires marines protégées,ad44c7a0-f525-474a-b08e-4921baf7602e,L’Agence des aires marines protégées,France,,Governmental body,Policy
1-marinespecies.org_users_2023-11-07,San Diego Supercomputer Center,8803949e-5a46-49b2-91b5-5079a18b9deb,"University of California, San Diego (UCSD) - San Diego Supercomputer Center",USA,,Research institute,Science
1-marinespecies.org_users_2023-11-07,National Center for Biotechnology Information (NCBI),746e2798-5e50-4576-9dfe-77f2f43c1ee3,National Center for Biotechnology Information (NCBI),USA,,Data infrastructure,Science
1-marinespecies.org_users_2023-11-07,The United States Antarctic Program at the National Museum of Natural History,7e70ef6b-24a5-41f9-9058-b4f846b0e909,National Museum of Natural History - US Antarctic Program,USA,,Museum,Science
1-marinespecies.org_users_2023-11-07,University of Bordeaux,d42c9f1a-a4e9-42d7-9e69-e2c81f5c3813,University of Bordeaux,France,,University,Science
1-marinespecies.org_users_2023-11-07,British Oceanographic Data Centre (BODC),161a2b2b-1e3f-46c8-b1e9-dc6cb40bece3,British Oceanographic Data Centre (BODC),UK,,Data infrastructure,Science
1-marinespecies.org_users_2023-11-07,Ecospan Environmental Limited,b50b189f-0aaa-49f7-897f-4f62d559e261,Ecospan Environmental Limited,UK,,Company,Industry
1-marinespecies.org_users_2023-11-07,"National Academy of Sciences of Ukraine, Institute of Biology of the Southern Seas (IBSS)",8590da33-28b6-447d-a96b-ac79c70bf144,National Academy of Sciences of Ukraine (NASU) - AO Kovalevsky Institute of Biology of the Southern Seas (IBSS),Ukraine,,Research institute,Science
1-marinespecies.org_users_2023-11-07,"School of Computer Science, University of Manchester",9230ad58-b719-468b-a29c-1705d2888b48,University of Manchester - School of Computer Science,UK,,University,Science
1-marinespecies.org_users_2023-11-07,,a8fdd711-7caa-4958-89b4-0b780e6f29c5,NA,,,,
1-marinespecies.org_users_2023-11-07,"Institut de Recherche pour le Développement (IRD), Centre de Recherche Halieutique Méditerranéenne et Tropicale",acd165d9-49ef-48b6-b437-c95e02c299f1,IRD L'Institut de recherche pour le développement - Centre de Recherche Halieutique Méditerranéenne et Tropicale,France,,Research institute,Science
1-marinespecies.org_users_2023-11-07,"Circolo Attività Subacquee Chieri, Sezione Didattica",d2822d63-a3b3-496e-9803-b449cc460b10,Chieri Underwater Activities Club,Italy,,Other,Civil society
1-marinespecies.org_users_2023-11-07,Station Biologique de Roscoff,1732eada-dd28-43ec-be32-2f508b5f6dc2,Station Biologique de Roscoff,,,,
1-marinespecies.org_users_2023-11-07,,2c535d31-2ae5-4449-b831-30c13e7f485a,NA,,,,
1-marinespecies.org_users_2023-11-07,MariLim Gesellschaft für Gewässeruntersuchung mbH,94b755d9-7e26-4868-97d6-1bd2758ae4d0,MariLim GmbH,Germany,,Consultancy,Industry
1-marinespecies.org_users_2023-11-07,NOAA,314adedd-2776-44b5-b55a-bee1ea159376,NOAA National Oceanic And Atmospheric Administration,USA,,Governmental body,Policy
1-marinespecies.org_users_2023-11-07,"Natural History Museum Rotterdam, Marine Invertebrates",9a56fcf8-8cc6-4fe9-beac-5bd8d58d8590,Natural History Museum Rotterdam (NMR) - Marine Invertebrates,Netherlands,,Museum,Science
1-marinespecies.org_users_2023-11-07,"European Environment Agency, EUNIS",3dac2b46-d4c0-4e41-9d90-25ef6b7a4dd5,EU - European Environmental Agency - EUNIS (European Nature Information System),Europe,,Data infrastructure,Science
1-marinespecies.org_users_2023-11-07,"HELCOM, Helsinki",dbc27de8-f088-4095-bc25-801bdf38793c,HELCOM (Helsinki Convention on the Protection of the Marine Environment of the Baltic Sea Area),Finland,,Governmental body,Policy
1-marinespecies.org_users_2023-11-07,Fisheries Linked Open Data at the Fisheries and Aquaculture Department of FAO,0e168b00-a236-457f-bd2e-5ab87f5fae17,FAO (Food and Agriculture Organization of the United Nations) - Fisheries and Aquaculture Department - Fisheries Linked Open Data (FLOD),,,,
1-marinespecies.org_users_2023-11-07,Gardline Marine Sciences group,5dc43e09-6b97-49cd-8846-eafe558b6acc,Gardline Group - Marine Sciences group,Global,,Company,Industry
1-marinespecies.org_users_2023-11-07,International Institute for Species Exploration,075c9037-50a9-4e10-87c5-2298470273ee,International Institute for Species Exploration,,,,
1-marinespecies.org_users_2023-11-07,University of British Columbia,d4f16f6e-e022-44fe-bfb9-7e164df28bdd,University of British Columbia,Canada,,University,Science
1-marinespecies.org_users_2023-11-07,Institut National de Recherche Halieutique (INRH),5075d96d-379e-4dd1-b116-6f0ec114041b,Institut National de Recherche Halieutique (INRH),Morocco,,Research institute,Science
1-marinespecies.org_users_2023-11-07,Government Department of Conservation Services,56f78913-4eb5-4e2f-9afb-8cefa851abda,Bermuda government - Department of Conservation Services,Bermuda,,Governmental body,Policy
1-marinespecies.org_users_2023-11-07,Natural History Museum of Los Angeles County,1f5c641c-e417-4a00-9db3-32101cea5356,NHM Natural History Museum of Los Angeles County,USA,,Museum,Science
1-marinespecies.org_users_2023-11-07,,43532eb4-044b-41d7-8f53-a6637bd299a5,NA,,,,
1-marinespecies.org_users_2023-11-07,,ac01bf02-f139-4982-bf43-4e7e9ed6dc32,NA,,,,
1-marinespecies.org_users_2023-11-07,"Archaeology and Natural History, The Australian National University",cdaf983d-fecd-44c8-a080-7bb7198016f8,Australian National University - Archaeology and Natural History,Australia,,University,Science
1-marinespecies.org_users_2023-11-07,Natural History Museum (NHM),25452dbf-339d-4476-b10b-5da266b961d6,NHM (Natural History Museum),UK,,Museum,Science
1-marinespecies.org_users_2023-11-07,,fb6b6630-0059-4584-8077-f74a8923db45,NA,,,,
1-marinespecies.org_users_2023-11-07,"Department of Marine Sciences, University of the Aegean",917aa3c3-366a-409c-acd6-0d28f2e59a8f,University of the Aegean - Department of Marine Sciences,Greece,,University,Science
1-marinespecies.org_users_2023-11-07,University of Sheffield,8aec899b-5d30-4b87-85b8-5dd7ead8dadc,University of Sheffield,UK,,University,Science
1-marinespecies.org_users_2023-11-07,Smithsonian Institution,cc6dd4df-14a9-4469-bdfb-c5a06719b072,Smithsonian Institution,USA,,Research institute,Science
1-marinespecies.org_users_2023-11-07,,ef89ec8a-ffc9-435b-a9bd-733ff12b2475,NA,,,,
1-marinespecies.org_users_2023-11-07,"Maurice Lamontagne Institute, Fisheries and Oceans",0b2855fd-df20-4ed5-928f-276c966fa395,Government of Canada - Fisheries and Oceans Canada - Maurice Lamontagne Institute,Canada,,Research institute,Science
1-marinespecies.org_users_2023-11-07,Natura Esperire/Experience Annalisa Tassini,b3133b92-7944-4efc-a579-29171348a06a,Natura Esperire/Experience Annalisa Tassini,Italy,,Other,Civil society
1-marinespecies.org_users_2023-11-07,"Marine Research Lab, Zoological Institute RAS",24a1cf8a-0edb-42fd-93fc-3fe5416fda8a,"Russian Academy of Sciences (RAS) - Zoological Institute, Marine Research Lab",Russia,,Research institute,Science
1-marinespecies.org_users_2023-11-07,Southeast Missouri State University,ccd219fc-f4ec-4230-b108-c85fec353c03,Southeast Missouri State University,USA,,University,Science
1-marinespecies.org_users_2023-11-07,IMARES Wageningen UR,01873e4b-0a19-444b-9cf2-be780218baf1,IMARES - Wageningen Marine Research (WUR),,,,
1-marinespecies.org_users_2023-11-07,Conchology Inc.,b67723f8-1c67-46b9-9790-d663d99dd4bd,Conchology Inc.,Philippines,,Company,Industry
1-marinespecies.org_users_2023-11-07,Cardiff University,b04e0fba-e00a-48d4-ba36-3228e22cd20e,Cardiff University,UK,,University,Science
1-marinespecies.org_users_2023-11-07,,fe485bc8-c8c4-45fd-acfd-44883427add9,NA,,,,
1-marinespecies.org_users_2023-11-07,,73399560-9e29-4743-9aee-1a60e81eb98d,NA,,,,
1-marinespecies.org_users_2023-11-07,"Ifremer, Laboratoire des sciences de l’Environnement MARin (LEMAR)",be1b18ad-534b-48e4-b9c8-c07b498c80f0,IFREMER Institut Français de Recherche pour l'Exploitation de la Mer - Laboratoire des sciences de l’Environnement MARin (LEMAR),,,,
1-marinespecies.org_users_2023-11-07,,ee4b2f31-f0ce-48a7-a2ee-a56dedb097e0,NA,,,,
1-marinespecies.org_users_2023-11-07,,f73665e0-fe95-48ac-ad56-6ddbde93a2ae,NA,,,,
1-marinespecies.org_users_2023-11-07,,2ef44a40-50af-43da-96e6-fa3b0ca86df0,NA,,,,
1-marinespecies.org_users_2023-11-07,,ca1bc820-3d51-40bb-900f-216f7ee86ecc,NA,,,,
1-marinespecies.org_users_2023-11-07,,3e5acd5f-d34a-414a-9450-f54c7ddd2dbb,NA,,,,
1-marinespecies.org_users_2023-11-07,Washington State Department of Ecology,071ee6c6-182a-4ae5-9564-a0a55eeeae32,Washington State Department of Ecology,USA,,Governmental body,Policy
1-marinespecies.org_users_2023-11-07,Utrecht,e3776e0a-58ab-49d1-ae64-e4c4c1868656,Utrecht University,Netherlands,,University,Science
1-marinespecies.org_users_2023-11-07,Alfred Wegener Institute,d73e9543-2163-45bb-872c-51bfc1d87081,Alfred Wegener Institute for Polar and Marine Research (AWI),Germany,,Research institute,Science
1-marinespecies.org_users_2023-11-07,University of Strathclyde  Dept. Mathematics and Statistics,0e3019ef-610c-47b6-8d60-f26c62eaada8,University of Sheffield - Department of Animal & Plant Sciences,UK,,University,Science
1-marinespecies.org_users_2023-11-07,Wilhelmshaven,0f55ad69-1cdf-44a6-bcfc-7a95bf8f9f34,Wilhelmshaven,Germany,,Other public authorities,Policy
1-marinespecies.org_users_2023-11-07,University of Baghdad,fbd1fed3-f60e-468e-9086-0a1f3b90bace,University of Baghdad,Iraq,,University,Science
1-marinespecies.org_users_2023-11-07,,cd611216-20f1-42b7-b0ce-3fd15d8e5a9b,NA,,,,
1-marinespecies.org_users_2023-11-07,Bielefeld University,9ce553f9-1bcb-4114-bbe2-03dcf18dba44,Bielefeld University,Germany,,University,Science
1-marinespecies.org_users_2023-11-07,,4a243279-0c60-4444-9dfc-17a2a8245391,NA,,,,
1-marinespecies.org_users_2023-11-07,Florida Atlantic University,76797ad6-ea78-457a-ae1b-5c1767eae745,Florida Atlantic University,USA,,University,Science
1-marinespecies.org_users_2023-11-07,,a60dd242-916e-4fa8-beab-3944e24342f9,NA,,,,
1-marinespecies.org_users_2023-11-07,University College London,5e5250d6-acd9-411f-991b-497aa1b9391e,University College London,UK,,University,Science
1-marinespecies.org_users_2023-11-07,,3069c8c2-eb58-43c7-bb29-d5ba138739ed,NA,,,,
1-marinespecies.org_users_2023-11-07,MNHN,9bba2db3-ced1-4fb1-8c3e-fea27e506938,MNHN National Museum of Natural History,France,,Museum,Science
1-marinespecies.org_users_2023-11-07,CREOCEAN,6d58ab0f-2f91-42a9-9e93-694269af38a8,CREOCEAN,France,,Consultancy,Industry
1-marinespecies.org_users_2023-11-07,"Stazione Zoologica ""Anton Dohrn""",797a122d-1b8e-415d-8da1-93307dd79713,Stazione Zoologica Anton Dohrn Napoli (SZN),Italy,,Research institute,Science
1-marinespecies.org_users_2023-11-07,Akvaplan-niva,d939f52a-2b72-42b5-9ee3-96fd5f7009bf,Akvaplan Niva,Norway,,Consultancy,Industry
1-marinespecies.org_users_2023-11-07,ICES,6a48d0a4-2625-4259-8207-d96cb1b62e9a,ICES International Council for the Exploration of the Sea,,,,
1-marinespecies.org_users_2023-11-07,University of Lille,94457b0c-1d18-4eea-8765-8603b9a2223a,University of Lille,France,,University,Science
1-marinespecies.org_users_2023-11-07,IFM-GEOMAR,9e06233b-2ee9-41f9-a9cc-e74d79ffbead,GEOMAR Helmholtz Centre for Ocean Research Kiel,Germany,,Research institute,Science
1-marinespecies.org_users_2023-11-07,Systematik und Evolution der Tiere Freie Universität Berlin,18940761-756a-416f-a500-5bb6243444d4,Free University of Berlin - Systematics and evolution of animals,Germany,,University,Science
1-marinespecies.org_users_2023-11-07,CSIRO,9509e20b-a04e-4f9c-adb3-dc6adb30a1fa,CSIRO (Commonwealth Scientific and Industrial Research Organisation),Australia,,Governmental body,Policy
1-marinespecies.org_users_2023-11-07,UCSD,e439b6a0-93c8-4528-bf51-806fc3635977,"University of California, San Diego (UCSD)",USA,,University,Science
1-marinespecies.org_users_2023-11-07,RIKZ,2823020f-215c-4c85-b6f4-3dcfdb6aa862,RIKZ (Rijksinstituut voor Kust en Zee),Netherlands,,Governmental body,Policy
1-marinespecies.org_users_2023-11-07,MBA,ad530487-7a85-4cc1-ac90-3f15df6dbc1f,MBA (Marine Biological Association),,,,
1-marinespecies.org_users_2023-11-07,University of Aegean,4bb9fc8d-732f-4ca5-940c-5e0c0d5e7ed6,University of the Aegean,Greece,,University,Science
1-marinespecies.org_users_2023-11-07,IFREMER,db42b43d-bab2-4446-91c9-141baca0e72d,IFREMER - DYNECO (Unité Dynamiques des Ecosystèmes Côtiers),France,,Research institute,Science
1-marinespecies.org_users_2023-11-07,Laboratoire d’Océanographie Biologique de Banyuls sur Mer,e2bbde8b-0f14-4700-add1-3688316163dd,Sorbonne Université - LOBB Laboratoire d’Océanographie Biologique de Banyuls sur Mer,France,,Research institute,Science
1-marinespecies.org_users_2023-11-07,Station Biologique de Roscoff,a8723c8d-f669-4aeb-bf6a-94265fe4d233,Station Biologique de Roscoff,,,,
1-marinespecies.org_users_2023-11-07,Marine Barcode of Life (MarBOL),b627ce7a-8c1b-4cc4-aa74-bdf9941cd3e6,Marine Barcode of Life (MarBOL),Canada,,Data infrastructure,Science
1-marinespecies.org_users_2023-11-07,IFREMER,67d19b3e-37ce-4cc8-911c-72b70b4ef788,IFREMER - DYNECO (Unité Dynamiques des Ecosystèmes Côtiers),France,,Research institute,Science
1-marinespecies.org_users_2023-11-07,"Department of Marine Ecology, National Environmental Institute, University of Aarhus",ce1c37c9-4b89-49f1-8bd2-7f6c2162649e,Aarhus University - Department of Marine Ecology - National Environmental Research Institute,Denmark,,Research institute,Science
1-marinespecies.org_users_2023-11-07,HCMR,375b61bd-862a-4501-85db-9488dbd5ffb6,HCMR (Hellenic Centre for Marine Research),Greece,,Research institute,Science
1-marinespecies.org_users_2023-11-07,"University of British Columbia, Fisheries Centre",e6877c59-9322-4782-b3ca-303526b2968e,University of British Columbia - Fisheries Centre,Canada,,Research institute,Science
1-marinespecies.org_users_2023-11-07,Saatchi & Saatchi,683d836e-8fdf-416f-94a4-1469f4f7487f,Saatchi & Saatchi,Global,,Company,Industry
1-marinespecies.org_users_2023-11-07,Universidade da Coruña,db220cb7-86cf-4dbb-99a8-56547e09b06f,University of A Coruña,Spain,,University,Science
1-marinespecies.org_users_2023-11-07,University College London; Department of Geography,3644ae67-64a6-437d-8b13-74014ac7f2ef,University College London -  Department of Geography,UK,,University,Science
1-marinespecies.org_users_2023-11-07,Finding Sanctuary Partnership,64e3a484-3f21-425d-8202-5380b5d74e5d,,,,,
1-marinespecies.org_users_2023-11-07,Unicomarine Ltd.,53c3c1c2-2fc9-49ca-ab81-dda8a1bb6afe,Unicomarine Ltd.,UK,,Company,Industry
1-marinespecies.org_users_2023-11-07,"BGBM, Berlin",c6918b88-57bc-49c0-9d3a-aa8323ad4600,Botanical Garden and Botanical Museum (BGBM),Germany,,Museum,Science
1-marinespecies.org_users_2023-11-07,GBIF,24aa08a1-cc6d-4107-9fc6-72f026f7bad9,GBIF Global Biodiversity Information Facility,Global,,Data infrastructure,Science
1-marinespecies.org_users_2023-11-07,,9270ce19-cd88-4cfb-858f-c3a03c019ef2,NA,,,,
1-marinespecies.org_users_2023-11-07,Normandy Coastal Monitoring Survey,8825d84e-6f49-4138-8d04-02cb9fd39941,Normandy Coastal Monitoring Survey,France,,Other,Civil society
1-marinespecies.org_users_2023-11-07,MUMM,008676f7-259a-4549-8421-b51de1e2d0ac,RBINS Royal Belgian Institute of Natural Sciences (RBINS) - MUMM team (Management Unit of the Mathematical Model of the North Sea),,,,
1-marinespecies.org_users_2023-11-07,MyDiveAlbum,5742343c-2ef5-4195-aec9-6dc4b04d5414,MyDiveAlbum,Global,,Creative body,Civil society
1-marinespecies.org_users_2023-11-07,Society Groupement d’Intérêt Public Seine Aval,b5c4ae15-a08a-413d-a372-e1715c05f81c,Society Group of Public Interest Seine Aval,France,,Other,Civil society
1-marinespecies.org_users_2023-11-07,University of California San Diego,0c62588b-cd81-4e24-9972-8010f2f0f9dc,"University of California, San Diego (UCSD)",USA,,University,Science
1-marinespecies.org_users_2023-11-07,Station marine de Wimereux,e10b8ef4-e0b3-4850-9574-12b4d4f1fe02,University of Lille - Station marine de Wimereux,France,,Research institute,Science
1-marinespecies.org_users_2023-11-07,University of Messina,5be1a3ee-559a-4224-9707-c3508ede5668,University of Messina,Italy,,University,Science
1-marinespecies.org_users_2023-11-07,Ocean Genome Legacy,cdac03c8-74df-4818-9f9e-35e1970410b8,Ocean Genome Legacy Center (OGL),USA,,Research institute,Science
1-marinespecies.org_users_2023-11-07,GBIF Swiss Node,c30503d0-63d2-4732-88bc-b98897fe6717,GBIF Swiss Node,Switzerland,,Data infrastructure,Science
1-marinespecies.org_users_2023-11-07,L'Institut de recherche pour le développement (IRD),b362087b-753b-42c3-ab8d-a303c0e677f6,IRD L'Institut de recherche pour le développement,France,,Research institute,Science
1-marinespecies.org_users_2023-11-07,AIMS,aaf6e7f5-1caa-4ae2-b2bf-f50ac479a71f,AIMS (Australian Institute of Marine Science),Australia,,Research institute,Science
1-marinespecies.org_users_2023-11-07,Environment BOKU - University of Natural Resources & Applied Life Sciences,0296f281-e1b0-468a-b9d9-22b0368f8ce4,BOKU University of Natural Resources and Life Sciences,,,,
1-marinespecies.org_users_2023-11-07,Australian Antarctic Division,683a5adb-26c6-4727-94d4-b8bd9ff2ccda,Australian Government - Department of the Environment and Energy - Australian Antarctic Division (AAD),Australia,,Research Institute,Science
1-marinespecies.org_users_2023-11-07,MNHN,6de58dcc-6668-4ad0-8bbb-de7d4f3389c5,MNHN National Museum of Natural History,France,,Museum,Science
1-marinespecies.org_users_2023-11-07,GBIF,c280ed6c-62b1-46c7-9de6-421abc570b96,GBIF Global Biodiversity Information Facility,Global,,Data infrastructure,Science
1-marinespecies.org_users_2023-11-07,King Abdullah University of Science and Technology,0726a1a8-3c4f-43f8-8bab-6453955b1eda,King Abdullah University of Science and Technology,Saudi Arabia,,University,Science
1-marinespecies.org_users_2023-11-07,CSIRO Marine and Atmospheric Research,15de2f0a-8c8e-4ca7-aebf-ce27c960c209,CSIRO - Marine and Atmospheric Research,,,,
1-marinespecies.org_users_2023-11-07,Trinity College Dublin,ab86637f-1b66-46ca-a362-f35eb85a98c7,Trinity College Dublin,Ireland,,University,Science
1-marinespecies.org_users_2023-11-07,Instituto Mediterraneo de Estudios Avanzados (IMEDEA),f229520e-1116-4d02-aa93-c299b6c5fd10,Mediterranean Institute for Advanced Studies (IMEDEA),Spain,,Research institute,Science
1-marinespecies.org_users_2023-11-07,Senckenberg Forschungsinstitut und Naturmuseum Frankfurt,7bbe5f85-cbf6-4e1c-85e8-88bee7172d8a,Naturmuseum Senckenberg - Research Institute and Natural History Museum Frankfurt,Germany,,Research institute,Science
1-marinespecies.org_users_2023-11-07,University of Alabama at Birmingham,1c446f79-7df0-4876-8c15-d4f1f926b3a6,University of Alabama at Birmingham,USA,,University,Science
1-marinespecies.org_users_2023-11-07,IFREMER - Centre de nantes Département EMH,55372354-d644-43cd-9f8b-67bbc7acdea1,IFREMER Institut Français de Recherche pour l'Exploitation de la Mer - Centre de nantes Département EMH,,,,
1-marinespecies.org_users_2023-11-07,Marine Ecological Solutions Ltd,46cfebc2-315e-471c-be4a-77a61c367aa4,Marine Ecological Solutions Ltd,UK,,Consultancy,Industry
1-marinespecies.org_users_2023-11-07,"Institute for Polar Ecology, University of Kiel",7ed7131e-b4b4-4221-8850-7ed52749b580,University of Kiel - Institute for Polar Ecology,,,,
1-marinespecies.org_users_2023-11-07,Federal Environmental Agency,65426cfb-c529-4d3a-94ce-6334de4e5317,Federal Environmental Agency,Germany,,Governmental body,Policy
1-marinespecies.org_users_2023-11-07,Central Marine Fisheries Research Institute,0e3150c2-9049-4dd8-83c7-73a1b386108c,ICAR (International Committee for Animal Recording) - Central Marine Fisheries Research Institute,India,,Research institute,Science
1-marinespecies.org_users_2023-11-07,Dipartimento di Scienze per l'Ambiente; Università Parthenope,bd300122-1c4a-4e07-885e-16d99b99d564,University of Parthenope - Dipartimento di Scienze per l'Ambiente; ,,,,
1-marinespecies.org_users_2023-11-07,Réserves Naturelles de France,344fdf16-5c06-4339-8d93-6a3310d7f60a,Réserves Naturelles de France,France,,Other public authorities,Policy
1-marinespecies.org_users_2023-11-07,"School of Computer Science, University of Manchester, and National Centre for Text Mining (NaCTeM), Manchester Interdisciplinary Biocentre",1b897505-f3f2-47b6-83e7-ad54bbcf5810,,,,,
1-marinespecies.org_users_2023-11-07,Bundesamt für Seeschifffahrt und Hydrographie (BSH),6be60cda-fbff-42f0-8108-cd34162d8cda,BSH (Federal Maritime and Hydrographic Agency of Germany),Germany,,Governmental body,Policy
1-marinespecies.org_users_2023-11-07,Wikipedia,1b7253f2-9b1c-480f-bd7f-dd0cfd308ed3,Wikipedia,Global,,Other,Civil society
1-marinespecies.org_users_2023-11-07,Wikipedia,39693e1c-4457-4a69-bb29-8a2ca0e80ad9,Wikipedia,Global,,Other,Civil society
1-marinespecies.org_users_2023-11-07,Circolo attività Subacquee Chieri,08cf3872-afb5-44fd-a472-03f907d87092,Chieri Underwater Activities Club,Italy,,Other,Civil society
1-marinespecies.org_users_2023-11-07,Florida Fish and Wildlife Conservation Commission,1204e2f7-7a03-49ff-b223-4868f99ecd7e,Florida Fish and Wildlife Conservation Commission,USA,,Governmental body,Policy
1-marinespecies.org_users_2023-11-07,Plymouth Marine Laboratory,3de67853-0fea-4f46-b4f9-05a162c286f6,PML (Plymouth Marine Laboratory),,,,
1-marinespecies.org_users_2023-11-07,National Oceanic and Atmospheric Administration (NOAA); Marine Ecosystems Division,cf5250d4-64f3-425f-8ccd-6a15565c3a41,NOAA National Oceanic and Atmospheric Administration - Marine Ecosystems Division,USA,,Governmental body,Policy
1-marinespecies.org_users_2023-11-07,"National Museum of Natural History, Smithsonian Institution",b2d0f3ca-80d8-4160-9648-d278eef71427,Smithsonian Institution - Smithsonian National Museum of Natural History,USA,,Museum,Science
1-marinespecies.org_users_2023-11-07,"IRENAV, BCRM Brest, Ecole navale et groupe des écoles du Poulmic",ac161293-9326-46f4-8092-0bd04752517d,IRENav French Naval Academy Research Institute,France,,Research institute,Science
1-marinespecies.org_users_2023-11-07,"Centre for Marine Living Resources & Ecology. Ministry of Earth Sciences, Govt. of India",8ae6dfd4-92ea-4861-9e2b-f3f9dd9e1b17,India government - Ministry of Earth Sciences - Centre for Marine Living Resources & Ecology (CMLRE),India,,Research institute,Science
1-marinespecies.org_users_2023-11-07,"Centre for Marine and Environmental Studies (CESAM) & Department of Biology, University of Aveiro",3c7097f0-2362-4e52-bc31-4dd53275c39e,University of Aveiro - Department of Biology - Centre for Marine and Environmental Studies (CESAM)  ,Portugal,,Research institute,Science
1-marinespecies.org_users_2023-11-07,"IFREMER–DYNECO/VIGIES, Nantes",f4647c9c-10b8-4433-9edd-52e13f799e6d,IFREMER - DYNECO (Unité Dynamiques des Ecosystèmes Côtiers),France,,Research institute,Science
1-marinespecies.org_users_2023-11-07,,e4a53cdd-cf71-409d-acbb-51fff34e74f5,NA,,,,
1-marinespecies.org_users_2023-11-07,Musée cantonal de zoologie,aeb7ff2c-6c1a-42aa-8730-d1a6f554450c,Musée cantonal de zoologie Lausanne,Switzerland,,Museum,Science
1-marinespecies.org_users_2023-11-07,Musée cantonal de zoologie,f93104c2-d617-4180-9fb5-f5dc57b373d0,Musée cantonal de zoologie Lausanne,Switzerland,,Museum,Science
1-marinespecies.org_users_2023-11-07,Diveboard.com,3c6111b3-687e-434c-a95b-98f146428514,Diveboard,France,,Other,Civil society
1-marinespecies.org_users_2023-11-07,Dalhousie University,f8694181-0e8c-488b-9c3e-a8962a0f4679,Dalhousie University,Canada,,University,Science
1-marinespecies.org_users_2023-11-07,"National Environmental Research Institute, Aarhus University, Dept. of Marine Ecology",79c39217-fb11-4bd4-8cd4-ca164a429073,Aarhus University - Department of Marine Ecology - National Environmental Research Institute,Denmark,,Research institute,Science
1-marinespecies.org_users_2023-11-07,"Department of Zoology, Trinity College Dublin",5e275188-30ba-4919-a795-a37b0b131804,Trinity College Dublin - Department of Zoology,Ireland,,University,Science
1-marinespecies.org_users_2023-11-07,"Leigh Marine Laboratory, University of Auckland",624052fa-76ca-402c-90e8-3940b15040d1,University of Auckland - Leigh Marine Laboratory,New Zealand,,Research institute,Science
1-marinespecies.org_users_2023-11-07,Juan J. González,b1a01e51-15c8-4a00-83f0-0cddf19b56bb,,,,,
1-marinespecies.org_users_2023-11-07,"Academia Sinica, Biodiversity Research Center",d4f8fb28-344f-4721-9ed2-b7b2b7b4c2e8,Academia Sinica - Biodiversity Research Centre,Taiwan,,Research institute,Science
1-marinespecies.org_users_2023-11-07,Divenation.com,b1fcf2c9-fc39-4643-9c0d-ce8ace359993,Divenation,UK,,Other,Civil society
1-marinespecies.org_users_2023-11-07,Institute for Marine Resources and Ecosystem Studies (IMARES),1ef858d1-a945-494f-82fd-35518aaaa164,IMARES (Institute for Marine Resources and Ecosystem Studies),,,,
1-marinespecies.org_users_2023-11-07,"Marine Scotland Science, Marine Laboratory",f7052529-7382-4141-9570-78e51cfa5ac0,Marine Scotland - Marine Laboratory,UK,,Research institute,Science
1-marinespecies.org_users_2023-11-07,"Bangor University, School of Ocean Sciences",ec5a593d-b67a-4fe0-b206-95d696cbfccb,Bangor University - School of Ocean Sciences,UK,,University,Science
1-marinespecies.org_users_2023-11-07,"Environment Department, University of York",76808b4c-ee09-4b25-b14e-131e35b75599,University of York - Environment Department,UK,,University,Science
1-marinespecies.org_users_2023-11-07,"US Environmental Protection Agency (US EPA), Coastal Ecology Branch",df51563c-1c6c-4b79-ae42-7331ee030474,"US Environmental Protection Agency (US EPA), Coastal Ecology Branch",USA,,Governmental body,Policy
1-marinespecies.org_users_2023-11-07,"USGS Western Fisheries Research Center, Marine Hatfield Science Center",fe1c4675-4dd0-4223-b6ad-d1a578228a8c,US Geological Survey (USGS) - Western Fisheries Research Center,USA,,Research institute,Science
1-marinespecies.org_users_2023-11-07,Wikipedia NL,138e9e5e-28d3-4327-94d2-666acd512d63,Wikipedia,Global,,Other,Civil society
1-marinespecies.org_users_2023-11-07,Museum and Art Gallery of the Northern Territory,ea877aaa-dea7-4a31-a936-8db38c48de31,MAGNT (Museum and Art Gallery of the Northern Territory),Australia,,Museum,Science
1-marinespecies.org_users_2023-11-07,"Instituto de Tecnología y Ciencias Marinas, Universidad Simón Bolívar",69b8bea6-2853-4c37-9b9c-7801bbe5fd4a,Simón Bolívar University - Institute of Technology and Marine Sciences,Venezuela,,Research institute,Science
1-marinespecies.org_users_2023-11-07,Spanish National Cancer Research Centre,7725dc7c-ab2b-4493-9f9c-cf9333452871,CNIO (Spanish National Cancer Research Center),Spain,,Research institute,Science
1-marinespecies.org_users_2023-11-07,Mathias Lindner,da444b4a-4150-4a7e-868b-f56c0e74a844,personal,,,personal interest,Civil society
1-marinespecies.org_users_2023-11-07,"University of Sheffield, Department of Animal & Plant Sciences",6896a2d9-e4f9-4ee9-ab82-9a2c9bc3830b,University of Sheffield - Department of Animal & Plant Sciences,UK,,University,Science
1-marinespecies.org_users_2023-11-07,"University of Essex, School of Computer Science and Electronic Engineering",e52d2664-9300-49ea-99f7-f7610c35a861,University of Essex - School of Computer Science and Electronic Engineering,UK,,University,Science
1-marinespecies.org_users_2023-11-07,OAG - Observatorio Ambiental Granadilla,f2310498-afeb-4347-8b3f-d0ee9e95fc1b,Observatorio Ambiental Granadilla (OAG),,,,
1-marinespecies.org_users_2023-11-07,"Centro de Investigaciones Marinas, Universidad de La Habana",99cc1c63-2218-4e23-a0b9-d1b14612db6f,Universidad de La Habana - Centro de Investigaciones Marinas,Cuba,,Research institute,Science
1-marinespecies.org_users_2023-11-07,National Museums Northern Ireland,615cd764-4106-40d4-a9ba-06faea8bf126,National Museums Northern Ireland,Ireland,,Museum,Science
1-marinespecies.org_users_2023-11-07,National Institute for Environmental Research and Protection (ISPRA),77196253-4cc9-4083-ab15-413d4a1c3594,National Institute for Environmental Research and Protection (ISPRA),Italy,,Research institute,Science
1-marinespecies.org_users_2023-11-07,"Biodiversity Institute of Ontario, University of Guelph",696ff0d4-9e4a-4f27-82e5-fd19e51bbfa0,University of Guelph - Biodiversity Institute of Ontario,Canada,,Research institute,Science
1-marinespecies.org_users_2023-11-07,"Center for Macroecology, Evolution and Climate, Department of Biology, Copenhagen University",38848290-02c0-4eb0-9b43-97d5fb095204,"University of Copenhagen - Department of Biology - Center for Macroecology, Evolution and Climate",Denmark,,Research institute,Science
1-marinespecies.org_users_2023-11-07,"CORPI, Klaipeda University",d27e505d-4c76-4451-88b2-a123d5090a8a,Klaipeda University - Coastal Research and Planning Institute (CORPI),Lithuania,,Research institute,Science
1-marinespecies.org_users_2023-11-07,Bitonga Ltd.,0ad639cf-7df9-43fd-b99f-8b0172725820,Bitonga Ltd.,UK,,Company,Industry
1-marinespecies.org_users_2023-11-07,"Petrobras, Rio de Janeiro",e2dd8992-64aa-4533-9cba-7b832cdc1ab7,Petrobras,Global,,Company,Industry
1-marinespecies.org_users_2023-11-07,"Department of Zoology, Tel Aviv University, Tel Aviv",d530b632-a493-4ce7-a436-de21700237f6,Tel Aviv University - Department of Zoology,Israel,,University,Science
1-marinespecies.org_users_2023-11-07,"CRM Coastal Research & Management, Kiel",cc58bf35-8fe7-4ace-b2be-2cf115a68c36,CRM Coastal Research & Management,Germany,,Research institute,Science
1-marinespecies.org_users_2023-11-07,"CREOCEAN Society, Montpellier",353faf82-a72a-4773-b261-895586c29b4b,CREOCEAN,France,,Consultancy,Industry
1-marinespecies.org_users_2023-11-07,"POMC Consulting (One World Analytics), Lancaster",5aa63f46-13ba-4a85-a058-1d7a7d848a07,"POMC Consulting (One World Analytics), Lancaster",,,,
1-marinespecies.org_users_2023-11-07,"Dep. Earth Sciences, Natural History Museum (NHM), London",5c5bbb83-182a-4def-88f6-a98706e9819c,NHM (Natural History Museum) - Earth Sciences Department ,UK,,Museum,Science
1-marinespecies.org_users_2023-11-07,"Centre for Environment, Fisheries & Aquaculture Science (CEFAS), Lowestoft",f7c30ad5-8e16-4724-9a02-c7fb1ded22f9,"CEFAS (Centre for Environment, Fisheries and Aquaculture Science)",UK,,Research institute,Science
1-marinespecies.org_users_2023-11-07,"Queen's University Marine Laboratory (QML), Belfast",86be5eda-5ba7-4bd7-914f-ef4ba43ad436,Queen's University - Marine Laboratory (QML),Ireland,,Research institute,Science
1-marinespecies.org_users_2023-11-07,"OceanCertain - Norwegian University of Science and Technology (NTNU), Trondheim",ee5867f4-060b-4185-9886-8eb5f885e11d,Norwegian University of Science and Technology (NTNU) - OceanCertain,Norway,,Research institute,Science
1-marinespecies.org_users_2023-11-07,"Université Pierre et Marie Curie, Laboratoire d'Océanographie, Villefranche",c433f73e-73c6-42ba-b7db-34870edcc4b5,UPMC - Laboratoire d'Océanographie de Villefranche (LOV),France,,Research institute,Science
1-marinespecies.org_users_2023-11-07,"Marine Biodiversity Center, Natural History Museum, Los Angeles",12bbc58d-0b0f-40dc-8f8a-01f3cb6fea56,NHM Natural History Museum of Los Angeles County - Marine Biodiversity Center,USA,,Research institute,Science
1-marinespecies.org_users_2023-11-07,"Korea Institute of Ocean Science and Technology, Ocean Observation and Information Section",9bdeab2f-0981-4b72-88aa-dc5ecf1814a7,KIOST (Korea Institute of Ocean Science and Technology) - Ocean Observation and Information Section,South Korea,,Research institute,Science
1-marinespecies.org_users_2023-11-07,K2 Sistemas,27a962fc-30dc-484a-ab17-9ac0829a9995,K2 Sistemas,Brazil,,Consultancy,Industry
1-marinespecies.org_users_2023-11-07,The Marine Biological Association- Data Archive Centre (DASSH),fac6a7b0-ddf8-4f81-a397-d0a76ad3b5f0,Marine Biological Association (MBA) - Data Archive Centre (DASSH),UK,,Data infrastructure,Science
1-marinespecies.org_users_2023-11-07,International Council for the Exploration of the Sea (ICES),96bc6be9-d168-4b14-ada5-84fbbd75ba2f,ICES International Council for the Exploration of the Sea,,,,
1-marinespecies.org_users_2023-11-07,Filipe Medina de Sousa,c4c9a57d-3ea8-4970-97e2-d27aa356e31c,personal,,,personal interest,Civil society
1-marinespecies.org_users_2023-11-07,"University of California, Berkeley, Integrative Biology",e8c6b287-a639-46b4-82e1-caa8861cc3a1,"University of California, Berkeley - Integrative Biology",,,,
1-marinespecies.org_users_2023-11-07,"ARC Centre of Excellence for Coral Reef Studies, University of Queensland, Brisbane",6a327ac0-fd75-4432-8640-26bad3eb0e7a,University of Queensland - ARC Centre of Excellence for Coral Reef Studies,,,,
1-marinespecies.org_users_2023-11-07,National Oceanic and Atmospheric Administration (NOAA); Center for Coastal Environmental Health and Biomolecular Research,ea5e39c2-7434-4b3a-a77b-00c119264662,NOAA National Oceanic and Atmospheric Administration - Center for Coastal Environmental Health and Biomolecular Research,USA,,Research institute,Science
1-marinespecies.org_users_2023-11-07,Yale University,e2c6a5f1-a278-496d-b3e7-7140bae4a52b,Yale University,USA,,University,Science
1-marinespecies.org_users_2023-11-07,"Friedrich-Alexander-Universität, Erlangen",a00b1aa8-8136-43d7-acfd-87856d12f7dd,University of Erlangen-Nuremberg,Germany,,University,Science
1-marinespecies.org_users_2023-11-07,"National Institute of Water and Atmospheric Research (NIWA), Wellington",5239f2e6-8300-4d8b-807e-0c6b40b6026e,National Institute of Water and Atmospheric Research (NIWA),New Zealand,,Research institute,Science
1-marinespecies.org_users_2023-11-07,"Biologica Environmental Services Ltd., Victoria",2071f192-2223-4a90-a80a-dc16f7366213,Biologica Environmental Services Ltd.,Canada,,Company,Industry
1-marinespecies.org_users_2023-11-07,"SAM-marin, Uni Research, Bergen",ae1cf86f-b6b8-4de1-8d63-8c71b3bb7b1d,Uni Research - SAM-marin (Section for applied marine environmental studies),Norway,,Research institute,Science
1-marinespecies.org_users_2023-11-07,Personal,ab3ff7df-b9a6-40b3-b378-a3c30ad7a2e3,personal,,,personal interest,Civil society
1-marinespecies.org_users_2023-11-07,"Global Genome Initiative, Smithsonian Institution",ba418702-2f3b-4ea6-aebd-f84fd7d1ff32,Smithsonian Institution - Smithsonian National Museum of Natural History - Global Genome Initiative (GGI),USA,,Museum,Science
1-marinespecies.org_users_2023-11-07,Marine Ecological Surveys Ltd,27e797a1-4d5b-4a7e-b3ac-9b3ae1b6c181,Marine Ecological Surveys Ltd,UK,,Consultancy,Industry
1-marinespecies.org_users_2023-11-07,"Molecular, Ecology, Evolution and Phylogenetics research group, University of Sydney",c7e110fb-dbcd-4d89-9210-d0b54cf38630,"University of Sydney - Molecular, Ecology, Evolution and Phylogenetics research group",,,,
1-marinespecies.org_users_2023-11-07,"LifeWatchGreece (LWG), Hellenic Centre for Marine Research (HCMR)",39d623fe-e6f4-4ba8-a10c-a882fcd70d96,HCMR (Hellenic Centre for Marine Research),Greece,,Research institute,Science
1-marinespecies.org_users_2023-11-07,"Moss Landing Marine Laboratory, California State University",a4831960-ec78-4039-8f9a-a526e821f73e,California State University - Moss Landing Marine Laboratory,USA,,Research institute,Science
1-marinespecies.org_users_2023-11-07,"The Nature Conservancy, Houston, Texas",f8e7541d-7d07-4516-9b57-280e1485cbb4,The Nature Conservancy,USA,,Non-profit organization,Civil society
1-marinespecies.org_users_2023-11-07,"Dept. of Civil and Environmental Engineering, Stanford University",3e23061a-f41b-4b5e-8065-b455583d44fa,Stanford University - Department of Civil and Environmental Engineering,USA,,University,Science
1-marinespecies.org_users_2023-11-07,"New York State Museum, Albany",09eb60b6-3dfc-411d-b7fe-98b31fe792b9,New York State Museum,USA,,Museum,Science
1-marinespecies.org_users_2023-11-07,"Florida International University, Biscayne Bay Campus",be40fc26-8055-4b9a-8916-f7371e2dd189,"Florida International University, Biscayne Bay Campus",USA,,University,Science
1-marinespecies.org_users_2023-11-07,Joint Nature Conservation Committee (JNCC),bb59229d-0a46-4b73-9aa8-ed36855501fe,JNCC (Joint Nature Conservation Committee),UK,,Governmental body,Policy
1-marinespecies.org_users_2023-11-07,"Beijing Genomics Institute (BGI), Shenzhen",050b6b40-4950-4be6-a988-1af67a5f7ca3,Beijing Genomics Institute (BGI),China,,Company,Industry
1-marinespecies.org_users_2023-11-07,"Roger Williams University, Department of Biology and Marine Biology",bad29d80-c4ae-41fa-b3c3-1628cfc79aaa,Roger Williams University - Department of Biology and Marine Biology,USA,,University,Science
1-marinespecies.org_users_2023-11-07,"Departamento de Biotecnologia Marina, Centro de Investigación Científica y de Educación Superior de Ensenada (CICESE)",61fc6069-acfc-4570-930c-f0d6a95c4062,Center for Scientific Research and Higher Education at Ensenada (CICESE) - Department of marine biotechnology,Mexico,,Research institute,Science
1-marinespecies.org_users_2023-11-07,NETAXIA Limited,d0fe9875-9093-420f-bf7d-b83eb3f6cf85,NETAXIA Limited,UK,,Company,Industry
1-marinespecies.org_users_2023-11-07,Japan Agency for Marine-Earth Science and Technology (JAMSTEC),57235043-21e1-4ee1-9802-6d916cfc47f1,JAMSTEC (Japan Agency for Marine-Earth Science and Technology),Japan,,Governmental body,Policy
1-marinespecies.org_users_2023-11-07,"Cape Cod Museum of Natural History, Brewster, MA",10943468-36e9-45f3-98ac-6a883f78a4a1,Cape Cod Museum of Natural History,USA,,Museum,Science
1-marinespecies.org_users_2023-11-07,"Benthos Ecology, Marine Institute, Galway",afd05b8a-0795-4209-be30-f70329b66df4,Marine Institute - Benthos Ecology Group,Ireland,,Research institute,Science
1-marinespecies.org_users_2023-11-07,Dengun Lda.,a8296078-faf1-4341-9925-03fd4036aae3,Dengun Digital Agency,Portugal,,Company,Industry
1-marinespecies.org_users_2023-11-07,Aniol S.L.,1eba9479-40b8-4d01-bbb1-ce828d62d03b,Aniol S.L.,UK,,Company,Industry
1-marinespecies.org_users_2023-11-07,LazyDiving.com,0856805a-f162-4b92-a72d-ca04ecd01312,LazyDiving,China,,Creative body,Civil society
1-marinespecies.org_users_2023-11-07,"Centre for Development Co-operation in Fisheries (CDCF), Institute of Marine Research",c2a9a021-fa45-440d-9d7c-8ed4c9f147e6,Institute of Marine Research (IMR) - Centre for Development Co-operation in Fisheries (CDCF),Norway,,Research institute,Science
1-marinespecies.org_users_2023-11-07,"University of Washington, School of Aquatic and Fishery Sciences, Washington",00cc164c-6383-42ce-8bad-2c9fe914b40a,University of Washington - School of Aquatic and Fishery Sciences,USA,,University,Science
1-marinespecies.org_users_2023-11-07,,675447ab-1df2-4ccf-8341-86c9dfd2ba35,NA,,,,
1-marinespecies.org_users_2023-11-07,"Taxonomy Group, Genbank, National Center for Biotechnology Information, NIH",081503f8-0702-4e00-ae6d-24eb16161734,National Center for Biotechnology Information (NCBI),USA,,Data infrastructure,Science
1-marinespecies.org_users_2023-11-07,"Department of Energy and Process Engineering, Faculty of Engineering, NTNU, Trondheim",b5453b98-0696-415e-807d-2537626867d0,Norwegian University of Science and Technology (NTNU) - Faculty of Engineering - Department of Energy and Process Engineering - Industrial Ecology Programme,Norway,,Research institute,Science
1-marinespecies.org_users_2023-11-07,"South African Institute for Aquatic Biodiversity, Grahamstown",61e9abf2-df3f-4e62-93fa-93e03978f383,South African Institute for Aquatic Biodiversity (SAIAB),South Africa,,Research institute,Science
1-marinespecies.org_users_2023-11-07,"Quantitative Aquatics, Sto. Domingo",c12a84a7-7d9e-48df-a8cc-8bd30704fe57,"Quantitative Aquatics, Inc.",Philippines,,Company,Industry
1-marinespecies.org_users_2023-11-07,"Department of Paleobiology, National Museum of Natural History, Smithsonian Institution",8d06089a-b57a-4afa-972c-4f598d614915,Smithsonian Institution - Smithsonian National Museum of Natural History - Department of Paleobiology,USA,,Museum,Science
1-marinespecies.org_users_2023-11-07,,ebc67c3b-446a-4be6-b0c9-a2231c4b3f46,NA,,,,
1-marinespecies.org_users_2023-11-07,"Ocean Networks Canada, University of Victoria",e6ac1126-6e9d-4b94-bc37-863047b604bb,University of Victoria - Ocean Networks Canada,Canada,,University,Science
1-marinespecies.org_users_2023-11-07,Ocean Ecology,1494a460-cd3d-42e9-a785-048d4b0bd986,Ocean Ecology,UK,,Consultancy,Industry
1-marinespecies.org_users_2023-11-07,National Research Council of Italy (CNR),ee20c0a0-aab4-4d91-83ba-5f90e8e5ae5e,National Research Council (CNR),Italy,,Governmental body,Policy
1-marinespecies.org_users_2023-11-07,"Reef Life Apps, LLC",8d2d1629-8c63-4bbe-a323-b41d735d3640,"Reef Life Apps, LLC",Czech Republic,,Other,Civil society
1-marinespecies.org_users_2023-11-07,"Japan Agency for Marine-Earth Science and Technology, Global Oceanographic Data Cente",fcd0d21c-eec6-4c32-b9c3-544caec48d20,JAMSTEC (Japan Agency for Marine-Earth Science and Technology) - Global Oceanographic Data Cente,Japan,,Data infrastructure,Science
1-marinespecies.org_users_2023-11-07,Wageningen Marine Research (IMARES) Institute for Marine Resources & Ecosystem Studies,c934c671-f44a-4ed9-a616-e42f8ae98cc5,IMARES (Institute for Marine Resources and Ecosystem Studies),,,,
1-marinespecies.org_users_2023-11-07,,6d54d1c9-adcc-417d-a7b8-826258376f9d,NA,,,,
1-marinespecies.org_users_2023-11-07,Marine and Freshwater Institute Iceland,3681f9e2-e65a-4f79-a500-a507e179bdc3,Marine and Freshwater Institute Iceland (MFRI),Iceland,,Research institute,Science
1-marinespecies.org_users_2023-11-07,3T Software Labs GmbH,981b1ec7-ffe3-45bd-b9b9-8a5d63b9b5f6,3T Software Labs GmbH,Germany,,Company,Industry
1-marinespecies.org_users_2023-11-07,University of New South Wales,4dd9dd14-2cd6-4627-80d2-73b8e0885d88,University of New South Wales,Australia,,University,Science
1-marinespecies.org_users_2023-11-07,VIMAR (Vida Marina),9a440c7d-f7f3-48dd-8035-3c05554c296e,VIMAR (Vida Marina),,,,
1-marinespecies.org_users_2023-11-07,"Atlantic Reference Centre, Huntsman Marine Science Centre",5dc93700-a57d-4467-a0d8-21301078236d,Huntsman Marine Science Centre - Atlantic Reference Centre (ARC),Canada,,Research institute,Science
1-marinespecies.org_users_2023-11-07,CCMAR University of Algarve,8d5f1389-5f76-4421-bfd5-2b6718072f15,University of Algarve - Center of Marine Sciences (CCMAR),Portugal,,Research institute,Science
1-marinespecies.org_users_2023-11-07,CRACS - INESC TEC,74321173-1d77-4e26-82ad-ed1a99b6d803,FCT (Portuguese National Science Foundation) - INESCTEC Research Laboratory - Center for Research in Advanced Computing Systems (CRACS),Portugal,,Research institute,Science
1-marinespecies.org_users_2023-11-07,NOAA OER,f3f22720-b84c-4087-9d55-44dc5bd8bb0f,NOAA National Oceanic And Atmospheric Administration - OER Office of Ocean Exploration and Research,,,,
1-marinespecies.org_users_2023-11-07,"Sorbonne Université - CNRS, Laboratoire d'Océanographie de Villefranche (LOV)",8f877c4e-f074-4a8e-a914-9837e3ce0e10,UPMC - Laboratoire d'Océanographie de Villefranche (LOV),France,,Research institute,Science
1-marinespecies.org_users_2023-11-07,National University of Ireland Galway,c17f9eeb-b1d0-4ce2-9be5-4e2a575136ba,National University of Ireland Galway,Ireland,,University,Science
1-marinespecies.org_users_2023-11-07,,b1a633b5-5234-4620-a72d-b1b6ff3c191b,NA,,,,
1-marinespecies.org_users_2023-11-07,,c2f54c47-b2b5-41d7-8aab-4eec93319eb6,NA,,,,
1-marinespecies.org_users_2023-11-07,,5ad23713-4824-4fdc-ab60-8189387eb357,NA,,,,
1-marinespecies.org_users_2023-11-07,,0a9a1f93-4304-49e7-95ff-554290119f5b,NA,,,,
1-marinespecies.org_users_2023-11-07,,62a75880-a9ed-4b85-a29c-d0d5376d58b1,NA,,,,
1-marinespecies.org_users_2023-11-07,Natural History Collections of Tyrolean State Museum Ferdinandeum,0c3c3bec-04bd-4459-af63-902219689256,Tyrolean State Museum Ferdinandeum - Natural History Collections,Austria,,Museum,Science
1-marinespecies.org_users_2023-11-07,Diving Canary Islands,a0bb4770-f595-4f01-9bd2-3e318d45fecf,Diving Canary Islands,Spain,,Data infrastructure,Science
1-marinespecies.org_users_2023-11-07,,f9c8d589-cb95-4413-908e-ceab71ba6865,NA,,,,
1-marinespecies.org_users_2023-11-07,"Ensenada Center for Scientific Research and Higher Education, CICESE",1d50784e-4923-4fe6-b5f8-9e19c49bfc45,Center for Scientific Research and Higher Education at Ensenada (CICESE),Mexico,,Research institute,Science
1-marinespecies.org_users_2023-11-07,,87575564-b3dc-4a19-8e4a-28ef0fd80a5b,NA,,,,
1-marinespecies.org_users_2023-11-07,University Hamburg; Zentrum für Bioinformatik,84baa565-fcaf-44f2-8179-e46e3760e7a7,University of Hamburg - Center for Bioinformatics,Germany,,Research institute,Science
1-marinespecies.org_users_2023-11-07,Fisheries Research Station junagadh agricultural university sikka ,abfb67a6-87a5-4304-b014-6bea1069a4ad,Junagadh agricultural university - Fisheries Research Station Sikka,India,,Research institute,Science
1-marinespecies.org_users_2023-11-07,Office de l'Environnement de la Corse,25e02acd-f383-4cc8-b8a2-5e0d4032c1ce,Office de l'Environnement de la Corse,France,,Governmental body,Policy
1-marinespecies.org_users_2023-11-07,Beijing Genomics Institute (BGI),6b651442-bee5-44ab-bd0d-1c1e3d10e2f0,Beijing Genomics Institute (BGI),China,,Company,Industry
1-marinespecies.org_users_2023-11-07,Northwest University,0057d01a-3662-4540-a764-a84bd1a2d019,Northwest University of China,China,,University,Science
1-marinespecies.org_users_2023-11-07,Beijing Genomics Institute (BGI),aa186272-5915-4883-8c6f-52a7ca7bd966,Beijing Genomics Institute (BGI),China,,Company,Industry
1-marinespecies.org_users_2023-11-07,,99b75625-2cc1-4e0d-9953-f7307c154d77,NA,,,,
1-marinespecies.org_users_2023-11-07,,ea276632-4c41-482c-80cb-1469e24c80ec,NA,,,,
1-marinespecies.org_users_2023-11-07,Western Pacific Regional Fishery Management Council,90b7a5c7-a1e3-41db-a8fc-3f723cc041f8,Western Pacific Regional Fishery Management Council,USA,,Governmental body,Policy
1-marinespecies.org_users_2023-11-07,Axiom Data Science,ac0ecec7-ec62-4c26-89bc-690b6b5afd00,Axiom Data Science,USA,,Data infrastructure,Science
1-marinespecies.org_users_2023-11-07,European Commission -  DG SANTE,07fbb24b-e1ff-4333-8055-012b01b5095c,EU - European Commission -  DG SANTE (DG for Health and Food Safety),Europe,,EU institution,Policy
1-marinespecies.org_users_2023-11-07,Arctos,95505489-34d2-4697-9f9d-97c7445eac7d,Arctos,USA,,Company,Industry
1-marinespecies.org_users_2023-11-07,NOAA-NCEI,589db8a8-47a4-4fe0-a28e-207429adcf03,NOAA National Oceanic And Atmospheric Administration - NCEI National Centers for Environmental Information,USA,,Governmental body,Policy
1-marinespecies.org_users_2023-11-07,,7618c911-87a4-498e-8c1d-1090f11a283c,NA,,,,
1-marinespecies.org_users_2023-11-07,University Hamburg; Center for Natural History,8187033a-2786-4488-a0f4-150a2725e6e5,University of Hamburg - Center for Natural History,,,,
1-marinespecies.org_users_2023-11-07,,a5726209-f41b-4c7a-ba26-6186d6ddf91c,NA,,,,
1-marinespecies.org_users_2023-11-07,,69206823-4573-4848-8869-9cb0669fbeb1,NA,,,,
1-marinespecies.org_users_2023-11-07,,cf41e934-5925-4cb3-af4e-0157f940a7de,NA,,,,
1-marinespecies.org_users_2023-11-07,Fugro GB Marine Ltd,4a3fe64f-b8b7-4392-a100-ae55e31864f5,Fugro,Global,,Consultancy,Industry
1-marinespecies.org_users_2023-11-07,,43128742-f3aa-4a2d-9c88-51d3f49331e2,NA,,,,
1-marinespecies.org_users_2023-11-07,,322d5cbe-b71c-41ed-9880-8452ace591a6,NA,,,,
1-marinespecies.org_users_2023-11-07,"Taiwan Biodiversity Information Facility (TaiBIF), Biodiversity Research Centre, Academia Sinica",7b48ddf2-eeca-4f2c-8e4b-019cef53a5fc,Academia Sinica - Biodiversity Research Centre - Taiwan Biodiversity Information Facility (TaiBIF),Taiwan,,Data infrastructure,Science
1-marinespecies.org_users_2023-11-07,,290040b0-4314-4d9c-bb02-c53d6ac6b9e7,NA,,,,
1-marinespecies.org_users_2023-11-07,BASF SE,2e95b23c-7c39-4d28-825f-61111c5213ad,BASF,Global,,Company,Industry
1-marinespecies.org_users_2023-11-07,California Academy of Sciences,f3bf0852-2622-412a-b51f-a8cb6db4edb8,California Academy of Sciences,USA,,University,Science
1-marinespecies.org_users_2023-11-07,"Museu de Ciències Naturals de Barcelona, Department of Palaeontology",d85dc87c-2aef-4e11-94ff-c4a4974a90ac,Museum of Natural Sciences of Barcelona - Department of Palaeontology,Spain,,Museum,Science
1-marinespecies.org_users_2023-11-07,Alive Fundació,60e77ea0-3a2b-48d7-a1f3-fad33b3447b4,Alive Fund,Spain,,Non-profit organization,Civil society
1-marinespecies.org_users_2023-11-07,,2992f816-0995-4301-b5d1-82cbbecbf3cd,NA,,,,
1-marinespecies.org_users_2023-11-07,Insitech Partners LLC,382e7fd2-0ce0-4631-8f82-a00ab229a2d0,Insitech Partners LLC,USA,,Company,Industry
1-marinespecies.org_users_2023-11-07,"Duke University, William Peace University",966b2ab0-a778-4de4-a72f-d20fb9342c72,Duke University,USA,,University,Science
1-marinespecies.org_users_2023-11-07,,7fd85777-9fd5-4ae6-8502-ffe1f2a18794,NA,,,,
1-marinespecies.org_users_2023-11-07,,1e83f66e-c29b-4a21-8bba-3cec02a390e7,NA,,,,
1-marinespecies.org_users_2023-11-07,,8cd49e19-570a-4e53-b23b-048f3e4a881c,NA,,,,
1-marinespecies.org_users_2023-11-07,"Canadian National Collection of Insects, Arachnids & Nematodes",dd0bf361-8806-4fa2-89f3-6a4de81f780a,"Ottawa Research and Development Centre - Canadian National Collection of Insects, Arachnids & Nematodes",Canada,,Research institute,Science
1-marinespecies.org_users_2023-11-07,University of Louisiana at Lafayette,557ac693-6b20-4c3a-a4b8-92b6e4b913a5,University of Louisiana at Lafayette,USA,,University,Science
1-marinespecies.org_users_2023-11-07,University Hamburg; Zentrum für Bioinformatik,3ac17a57-bab4-46a3-bb95-f28e071dbdab,University of Hamburg - Center for Bioinformatics,Germany,,Research institute,Science
1-marinespecies.org_users_2023-11-07,,fdf30360-9bc2-4f9d-b982-28ca48743c1e,NA,,,,
1-marinespecies.org_users_2023-11-07,Cercle Geologique du Hainaut,188e8ee4-ba28-4557-b4b2-2099ce8c72f5,Cercle Geologique du Hainaut,France,,Research institute,Science
1-marinespecies.org_users_2023-11-07,Thomson Environmental Consultants,a53de83d-da31-44fd-bdcb-462c32b36320,Thomson Environmental Consultants,UK,,Consultancy,Industry
1-marinespecies.org_users_2023-11-07,,b6b48156-7700-4322-a01c-01209d0cf4b7,NA,,,,
1-marinespecies.org_users_2023-11-07,,ac37b1bf-9f99-4881-bbf6-ce39d2607439,NA,,,,
1-marinespecies.org_users_2023-11-07,,63b4fdf9-de81-4dfd-98b9-ffa2498ef3cf,NA,,,,
1-marinespecies.org_users_2023-11-07,,2e505244-4e53-45f7-b5e1-d39fdb340ef7,NA,,,,
1-marinespecies.org_users_2023-11-07,"Project Manager - DDTS EU Exit Programme| Department for Environment, Food and Rural Affairs",2375fe90-454a-4e61-8a5f-7b93a9d2aeaa,"UK government - Department for Environment, Food and Rural Affairs - Digital, Data & Technology Services (DDTS) EU Exit Programme",UK,,Governmental body,Policy
1-marinespecies.org_users_2023-11-07,,01880fd4-0520-41b8-b262-782ecd9ed670,NA,,,,
1-marinespecies.org_users_2023-11-07,"Industrial Ecology Programme, Department of Energy and Process Engineering, Norwegian University of Science and Technology (NTNU)",124620b0-c7f5-4054-9678-299de29dadf6,Norwegian University of Science and Technology (NTNU) - Faculty of Engineering - Department of Energy and Process Engineering - Industrial Ecology Programme,Norway,,Research institute,Science
1-marinespecies.org_users_2023-11-07,KBIN,e5276a91-ae8a-4923-b22d-bc6259d47b6c,RBINS Royal Belgian Institute of Natural Sciences (RBINS),,,,
1-marinespecies.org_users_2023-11-07,Universidad de Murcia,94efe278-c0f2-4c6a-b2a8-585339c1754c,University of Murcia,Spain,,University,Science
1-marinespecies.org_users_2023-11-07,Selkirk College,6f474740-ed00-4921-ad8a-be549ca94063,Selkirk College,Canada,,University,Science
1-marinespecies.org_users_2023-11-07,"ddms, Inc.",4a290ab6-890f-42ad-a229-3c537e610be5,DDMS Inc.,USA,,Company,Industry
1-marinespecies.org_users_2023-11-07,BGBM,4c2c43d0-c4fa-4ea1-8749-a64e46c42b4e,Botanical Garden and Botanical Museum (BGBM),Germany,,Museum,Science
1-marinespecies.org_users_2023-11-07,,9f0db692-0a4b-4698-8345-29e34d09f9b5,NA,,,,
1-marinespecies.org_users_2023-11-07,"Biodiversity Research Center, Academia Sinica",ad09d364-a68a-4491-9edd-47ecb0324424,Academia Sinica - Biodiversity Research Centre,Taiwan,,Research institute,Science
1-marinespecies.org_users_2023-11-07,Revive & Restore,0d0462bb-b8b0-4ebf-9aa1-5cfe619faa93,Revive & Restore,USA,,Company,Industry
1-marinespecies.org_users_2023-11-07,CNRS IMBE: Mediterranean institute of Biodiversity and Ecology (marine and continental),7663cb07-e829-4627-954e-97bf8e008191,CNRS - Mediterranean institute of Biodiversity and Ecology IMBE,France,,Research institute,Science
1-marinespecies.org_users_2023-11-07,Draper,7fa8b46c-b6c4-4261-b738-85b27a11a973,Draper Inc. ,USA,,Company,Industry
1-marinespecies.org_users_2023-11-07,Haus der Natur Salzburg,2915b0c5-3b63-45b3-b482-de3c043e1e85,Haus der Natur Salzburg,Austria,,Museum,Science
1-marinespecies.org_users_2023-11-07,Station Biologique de Roscoff - CNRS - Sorbonne Université,43eeeb61-709d-46eb-be64-bc2432f2ec01,Station Biologique de Roscoff,,,,
1-marinespecies.org_users_2023-11-07,cefas,ff4af42b-d2ce-4a1b-b4af-3d31884c6afe,"CEFAS (Centre for Environment, Fisheries and Aquaculture Science)",UK,,Research institute,Science
1-marinespecies.org_users_2023-11-07,University of Southampton,d8ec37e3-3dfb-4bea-bad3-782894d8a1fd,University of Southampton,UK,,University,Science
1-marinespecies.org_users_2023-11-07,"National Taiwan Ocean University,Department of Food Science",89a56785-5501-43b6-8eb3-5ed9b708f3a1,National Taiwan Ocean University (NTOU) - Department of Food Science,Taiwan,,University,Science
1-marinespecies.org_users_2023-11-07,Stichting observation international,0f13a947-53b1-4794-92bb-1cf173bf6e9c,observation international,Global,,Other,Civil society
1-marinespecies.org_users_2023-11-07,Cornell University/University of Saskatchewan,5fa25240-4558-4421-ae48-7b17db730070,Cornell University,USA,,University,Science
1-marinespecies.org_users_2023-11-07,,4de4c77c-8807-4dc5-9f39-503c72f148b6,NA,,,,
1-marinespecies.org_users_2023-11-07,eOceans,79d45cff-7606-4a5b-8bf9-465a972176df,eOceans,Global,,Creative body,Civil society
1-marinespecies.org_users_2023-11-07,Barcode of Life Datasystem (BOLD) - Centre for Biodiversity Genomics (CBG) ,888fd384-e9b8-4e6b-b475-48540e90642a,Centre for Biodiversity Genomics (CBG),Canada,,Research institute,Science
1-marinespecies.org_users_2023-11-07,NUI Galway,eae5bfc0-fbd6-4e9b-85ce-fe2fe484d117,National University of Ireland Galway,Ireland,,University,Science
1-marinespecies.org_users_2023-11-07,University of Hawaii at Hilo,9d7dd902-0b32-446f-9a89-6799861414d3,University of Hawaii at Hilo,USA,,University,Science
1-marinespecies.org_users_2023-11-07,Dalhousie University,98f49464-d596-415d-84d7-14fc93a6cfcd,Dalhousie University,Canada,,University,Science
1-marinespecies.org_users_2023-11-07,Seasearch c/o Marine Conservation Society,dcd016ad-763f-4599-bce9-7131c3404f31,Marine Conservation Society,UK,,Non-profit organization,Civil society
1-marinespecies.org_users_2023-11-07,Missouri Botanical Garden,61b8ebe6-03a6-46ba-b05d-4f43f4463755,Missouri Botanical Garden,USA,,Research institute,Science
1-marinespecies.org_users_2023-11-07,"Swedish Museum of Natural History, Department of Palaeobiology",b9f11ffe-3be6-4c85-a4e4-93e38100ce07,Swedish Museum of Natural History - Department of Palaeobiology,Sweden,,Museum,Science
1-marinespecies.org_users_2023-11-07,ILVO,366d1056-d0e7-47b2-b83f-30026fc56967,"ILVO Flanders Research Institute for Agriculture, Fisheries and Food",Belgium,x,Research institute,Science
1-marinespecies.org_users_2023-11-07,CEFAS,fa7421a3-ba60-4884-a9e5-4295db8272ba,"CEFAS (Centre for Environment, Fisheries and Aquaculture Science)",UK,,Research institute,Science
1-marinespecies.org_users_2023-11-07,,538ed494-f232-47c2-8ff9-ae2656eb65b8,NA,,,,
1-marinespecies.org_users_2023-11-07,Massey University Auckland,5e387448-b257-40bf-9aea-4c58bf780888,Massey University,New Zealand,,University,Science
1-marinespecies.org_users_2023-11-07,The University of Chicago,932251a3-a807-4ecf-b3a8-45ec47e9abd9,University of Chicago,USA,,University,Science
1-marinespecies.org_users_2023-11-07,North Carolina Museum of Natural Sciences,4f7895b7-bf5f-4578-9136-8d49048876a9,North Carolina Museum of Natural Sciences,USA,,Museum,Science
1-marinespecies.org_users_2023-11-07,Hafok,fcbe464b-3c1d-4495-9b02-596b14ebcb4e,Hafok AB,Sweden,,Consultancy,Industry
1-marinespecies.org_users_2023-11-07,Stony Brook University,50df1157-c8c7-4850-8798-279cefa39eb5,Stony Brook University,,,,
1-marinespecies.org_users_2023-11-07,Imperial College London,b73e88de-ec94-4f93-a28a-0f20cf3bd8ac,Imperial College London,,,,
1-marinespecies.org_users_2023-11-07,Zoological Society of London,d708d04c-db0a-4733-adb2-90d8248d421a,Zoological Society of London,UK,,Non-profit organization,Policy
1-marinespecies.org_users_2023-11-07,Yale University,7a4e0f14-e403-460c-b10d-b454b0ab2123,Yale University,USA,,University,Science
1-marinespecies.org_users_2023-11-07,"Fisheries and Oceans Canada, Pacific Biological Station",63aa1c9d-3b49-498a-b021-8f17da868bef,Government of Canada - Fisheries and Oceans Canada - Pacific Biological Station,,,,
1-marinespecies.org_users_2023-11-07,Scottish Environment Protection Agency,7bfb9b9a-d55e-4c4f-9e41-3fb01d0de589,Scottish Environment Protection Agency (SEPA),UK,,Governmental body,Policy
1-marinespecies.org_users_2023-11-07,Dalhousie Univeristy,4a7d8d07-660a-4709-900a-7477abffc9f7,Dalhousie University,Canada,,University,Science
1-marinespecies.org_users_2023-11-07,Field Museum of Natural History,9f31fb09-fb4a-4c09-9b87-c5a36f8ce661,Field Museum of Natural History (FMNH),USA,,Museum,Science
1-marinespecies.org_users_2023-11-07,Executive Environmnet Agency,dc4aadba-55f8-4a96-8e79-2c792b5a1f08,Ministry of Environment and Water - Executive Environment Agency (ExEA),Bulgaria,,Governmental body,Policy
1-marinespecies.org_users_2023-11-07,Murdoch University,a9c2eac2-863e-4569-999e-ae3ef4a6ddbe,Murdoch University,Australia,,University,Science
1-marinespecies.org_users_2023-11-07,Individual,eec3d2e5-6895-4688-865d-3a312e7b8cb5,personal,,,personal interest,Civil society
1-marinespecies.org_users_2023-11-07,Natural Resources Wales,a1f38ae7-dc64-49ce-a4c9-3445fc9c195a,Natural Resources Wales,UK,,Governmental body,Policy
1-marinespecies.org_users_2023-11-07,"iNaturalist, California Academy of Scienes and National Geogrraphic Society",87f1f664-ef47-48fa-acbc-c6969c384554,National Geographic Society (NGS),USA,,Non-profit organization,Civil society
1-marinespecies.org_users_2023-11-07,"National Institutes of Health, National Center for Biotechnology Information",321c47af-aee6-4e82-921e-adfa9f9adb31,National Center for Biotechnology Information (NCBI),USA,,Data infrastructure,Science
1-marinespecies.org_users_2023-11-07,California Academy of Sciences,a821356f-04ad-4f12-937d-59252ca9a765,California Academy of Sciences,USA,,University,Science
1-marinespecies.org_users_2023-11-07,Cawthron Institute,f3b63364-72b9-4955-8b87-ab488bed7035,Cawthron Institute,New Zealand,,Research institute,Science
1-marinespecies.org_users_2023-11-07,,e1c5f452-75e2-4594-9134-881d6ebf995c,NA,,,,
1-marinespecies.org_users_2023-11-07,University of New Hampshire,209dcdca-c6ef-485e-ac33-b37de6bdc0d9,University of New Hampshire,USA,,University,Science
1-marinespecies.org_users_2023-11-07,Monterey Bay Aquarium Research Institute (MBARI),b183a575-6254-4b44-aa56-275c27f71e9b,Monterey Bay Aquarium Research Institute (MBARI),USA,,Research institute,Science
1-marinespecies.org_users_2023-11-07,Virginia Institute of Marine Science,cccf5ca8-74ec-42dd-80f5-5160dbde2b29,Virginia Institute of Marine Science (VIMS),USA,,Research institute,Science
1-marinespecies.org_users_2023-11-07,,e37085e1-9de3-4f83-b93f-276b3ed5c848,NA,,,,
1-marinespecies.org_users_2023-11-07,Senckenberg Research Institute and Natural History Museum,3f07a6df-8e61-4df8-8495-03239f7a944d,Naturmuseum Senckenberg - Research Institute and Natural History Museum Frankfurt,Germany,,Research institute,Science
1-marinespecies.org_users_2023-11-07,,dbd36474-f3a3-46e5-aa1d-9d7cf81701ae,NA,,,,
1-marinespecies.org_users_2023-11-07,VIMAR - Vida Marina ,73a934f3-7dd9-42d4-a264-70aeb00d5936,VIMAR (Vida Marina),,,,
1-marinespecies.org_users_2023-11-07,,dda973e7-82b9-48de-b772-e85748e60a28,NA,,,,
1-marinespecies.org_users_2023-11-07,,90546937-acff-491a-927d-588a2d87f3ec,NA,,,,
1-marinespecies.org_users_2023-11-07,,dd192808-f06f-4bf5-80f2-61ae5a30d307,NA,,,,
1-marinespecies.org_users_2023-11-07,,7e3f08bc-ac7b-4177-b31f-a404c6a5360c,NA,,,,
1-marinespecies.org_users_2023-11-07,Universidade Federal Fluminense,b49232bf-d255-442f-9c72-109792455cc5,Fluminense Federal University,Brazil,,University,Science
1-marinespecies.org_users_2023-11-07,,20d34dec-d1cc-46a4-9853-96a4af71cbdb,NA,,,,
1-marinespecies.org_users_2023-11-07,BGI-Qingdao,c1da2ad0-2c50-4f32-b1df-d5652156f845,BGI-Qingdao,China,,Company,Industry
1-marinespecies.org_users_2023-11-07,BGI-Qingdao,fbb8b416-fc3c-477d-bb71-323d43c40ab0,BGI-Qingdao,China,,Company,Industry
1-marinespecies.org_users_2023-11-07,Smithsonian,0dc0a2f4-f99f-4973-b126-2a8d1a4749c3,Smithsonian Institution,USA,,Research institute,Science
1-marinespecies.org_users_2023-11-07,"Ocean University of China, College of Marine Life",99b308ab-f1de-401a-89cf-5f4296033585,Ocean University of China - College of Marine Life Sciences,China,,University,Science
1-marinespecies.org_users_2023-11-07,"Institute of Microbiology, Chinese Academy of Sciences (CAS)",c63c386b-5244-47fd-89f6-a2e9c76efc66,Chinese Academy of Sciences - Institute of Microbiology,China,,Research institute,Science
1-marinespecies.org_users_2023-11-07,"The Department of Agriculture, Environment and Rural Affairs ",023c66b5-1e21-4a61-bf2f-33e05e0a2127,,,,,
1-marinespecies.org_users_2023-11-07,,cb15f0b2-12a4-44a9-b83e-a58dd3b5c51c,NA,,,,
1-marinespecies.org_users_2023-11-07,University of Tartu,45c090c6-e7fa-42ea-89cd-ffa1f5be7176,University of Tartu,Estonia,,University,Science
1-marinespecies.org_users_2023-11-07,,c9f1b0de-5339-418e-ba34-5b8508b07bd1,NA,,,,
1-marinespecies.org_users_2023-11-07,College of Marine Life Science Ocean University of China,132b811e-eac7-4abb-ac0d-0064feb2959b,Ocean University of China - College of Marine Life Sciences,China,,University,Science
1-marinespecies.org_users_2023-11-07,OBIS/Project office for IODE,0b278a63-4cf0-4baa-8dd9-5e5d96674e65,UNESCO - IOC Project Office - IODE (International Oceanographic Data and Information Exchange),Global,,International programme,Science
1-marinespecies.org_users_2023-11-07,,bedca738-0f89-4cb5-8d12-fa17a21a7646,NA,,,,
1-marinespecies.org_users_2023-11-07,,1cf54b4d-2761-4876-8f62-ac1e2781e8e6,NA,,,,
1-marinespecies.org_users_2023-11-07,,df056cb7-b667-4ec2-8683-86a0466a1cec,NA,,,,
1-marinespecies.org_users_2023-11-07,Galway Marine Institute - Foras na Mara,74739b83-9190-432a-859e-fb2d08919231,Marine Institute,Ireland,,Research institute,Science
1-marinespecies.org_users_2023-11-07,"Institute of Animals, Chinese Academy of Sciences",afb57e70-08bd-4632-b9cf-ad5ce1bc9c05,Chinese Academy of Sciences - Institute of Animals,China,,Research institute,Science
1-marinespecies.org_users_2023-11-07,,065875d7-7eb1-44c9-9973-1184c7b22555,NA,,,,
1-marinespecies.org_users_2023-11-07,,0061e328-ce53-4112-adb0-606e16e4e7c7,NA,,,,
1-marinespecies.org_users_2023-11-07,The University of Hong Kong,344f0349-2845-4b3f-b81c-94cfce532cdc,University of Hong Kong,Hong Kong,,University,Science
1-marinespecies.org_users_2023-11-07,,4154068d-1c2e-4ff9-8ecd-0de5ba8de4b6,NA,,,,
1-marinespecies.org_users_2023-11-07,"Alfred Wegener Institute, Helmholtz Center for Polar and Marine Research, and Helmholtz Institute for Functional Marine Biodiversity at University Oldenburg",427c1867-10bc-4d17-b03b-884a3baf39b3,,,,,
1-marinespecies.org_users_2023-11-07,,0dc2a544-2d3f-4ba1-b69d-0caaa64819be,NA,,,,
1-marinespecies.org_users_2023-11-07,,ad26c499-a8bb-48a4-85ac-913e6f1ae8be,NA,,,,
1-marinespecies.org_users_2023-11-07,National Research Council of Italy,39c026b2-5bc0-494b-94fa-0e1c8d393932,National Research Council (CNR),Italy,,Governmental body,Policy
1-marinespecies.org_users_2023-11-07,,c1076169-766e-4393-a6b0-24b1f1c72932,NA,,,,
1-marinespecies.org_users_2023-11-07,,dad529e0-02c0-451f-9f55-3beffccbc9dc,NA,,,,
1-marinespecies.org_users_2023-11-07,Yale University,b4c75769-2808-4b14-a367-e0ed4bdd26cb,Yale University,USA,,University,Science
1-marinespecies.org_users_2023-11-07,Ocean Ecology Limited,54b45ec2-d1fb-497c-bf09-ed6c6c491f6f,Ocean Ecology Limited,UK,,Consultancy,Industry
1-marinespecies.org_users_2023-11-07,University of Guelph,7a9cc044-219e-4503-90eb-3c6dd4de65d7,University of Guelph,Canada,,University,Science
1-marinespecies.org_users_2023-11-07,"University of California, Berkeley",869da03d-4cb4-4579-856a-a87ba95e7abe,"University of California, Berkeley",USA,,University,Science
1-marinespecies.org_users_2023-11-07,University of Bologna,fd705911-2dc9-4a2e-abab-9f3092e473b1,University of Bologna,Italy,,University,Science
1-marinespecies.org_users_2023-11-07,University of Tartu Natural History Museum,59f77567-7ee8-4959-9239-92dd65c2ff09,University of Tartu - Natural History Museum,Estonia,,Museum,Science
1-marinespecies.org_users_2023-11-07,,29490e92-74b9-412a-9fa8-bb7048f0744c,NA,,,,
1-marinespecies.org_users_2023-11-07,Amelior,1cd4bb80-cae3-4d77-bdf1-52a6e6af9ca2,Amelior,Belgium,x,Company,Industry
1-marinespecies.org_users_2023-11-07,,7ed01e04-9ed3-4aab-8a15-d3a14727cfd7,NA,,,,
1-marinespecies.org_users_2023-11-07,,46c4191c-1cbd-437a-9207-094f1ac0e360,NA,,,,
1-marinespecies.org_users_2023-11-07,Museum of Comparative Zoology,d95212b8-5e25-42b5-a475-de6bd6b333b5,Harvard University - Harvard Museum of Comparative Zoology,USA,,Museum,Science
1-marinespecies.org_users_2023-11-07,Cyprus University of Technology,a3738b0f-8271-467d-bf17-dd09ecffbc06,Cyprus University of Technology,Cyprus,,University,Science
1-marinespecies.org_users_2023-11-07,National Marine Fisheries Research Institute,cf3a9fd2-415e-455d-89fa-fa9629430cca,National Marine Fisheries Research Institute of Poland,Poland,,Research institute,Science
1-marinespecies.org_users_2023-11-07,Aquazoo Löbbecke Museum Düsseldorf,4f613ba4-4048-464d-a404-f0e320fcd5cc,Aquazoo Löbbecke Museum Düsseldorf,Germany,,Museum,Science
1-marinespecies.org_users_2023-11-07,,9606efa1-4452-4b63-ab53-8b6589e406bd,NA,,,,
1-marinespecies.org_users_2023-11-07,Max Planck Institute for Mathematics in the Sciences,ed07741a-f881-48de-9877-ad0ec2e7200d,Max-Planck-Institute für Mathematics in the Sciences,,,,
1-marinespecies.org_users_2023-11-07,"Centre of Excellence in Marine Biology   University of Karachi, Karachi",c7711473-412f-41a3-9ee7-226521559736,University of Karachi - Ctr Excellence Marine Biol,,,,
1-marinespecies.org_users_2023-11-07,,6ce8dc1c-fa45-4f7a-913a-29f01055d828,NA,,,,
1-marinespecies.org_users_2023-11-07,Personal application,a7cf9bfc-c739-4bbb-97c9-f3b69bb1dd5f,,,,,
1-marinespecies.org_users_2023-11-07,Vrije Universiteit Amsterdam,46c2fdc0-a263-4eeb-b14b-f04ccfec5a60,Vrije Universiteit Amsterdam,Netherlands,,University,Science
1-marinespecies.org_users_2023-11-07,Monterey Bay Aquarium Research Institute (MBARI),05f1cdbf-f7b9-410f-a3df-4ca6b50010cc,Monterey Bay Aquarium Research Institute (MBARI),USA,,Research institute,Science
1-marinespecies.org_users_2023-11-07,Base de Données des Espèces Non Domestiques (BDEND),1385824a-fa3a-480e-b108-04d6a119e42c,Bases de données des espèces non-domestiques (BDEND),France,,Data infrastructure,Science
1-marinespecies.org_users_2023-11-07,Virginia Institute of Marine Science,fad289bb-2170-49a3-9fcc-53f2875cdaa3,Virginia Institute of Marine Science (VIMS),USA,,Research institute,Science
1-marinespecies.org_users_2023-11-07,"Muséum national d'Histoire naturelle (MNHN), Paris",88246640-25de-49ce-84ce-d2e6c9e1ff44,MNHN National Museum of Natural History,France,,Museum,Science
1-marinespecies.org_users_2023-11-07,MPEDA ,e0bc43c7-1554-4807-a4c0-bfe487f07150,India government - Marine Products Export Development Authority (MPEDA),India,,Governmental body,Policy
1-marinespecies.org_users_2023-11-07,Eco Marine Consultants,b2ef518d-25f8-42f1-ae0f-0a49363eb82f,Eco Marine Consultants,UK,,Consultancy,Industry
1-marinespecies.org_users_2023-11-07,,966e161a-f735-41ac-bc2c-aadcc46d817d,NA,,,,
1-marinespecies.org_users_2023-11-07,Ocean Networks Canada,d290b1b3-867d-4bf0-ba48-b196ef4457ad,University of Victoria - Ocean Networks Canada,Canada,,University,Science
1-marinespecies.org_users_2023-11-07,university of haifa,1b99dc1a-9ed0-4906-bbf8-e378cd2ef5dc,University of Haifa,Israel,,University,Science
1-marinespecies.org_users_2023-11-07,institute of zoology,9c828d90-f1dd-468b-b4d8-b4a126c42f4f,Zoological Society of London - Institute of Zoology,UK,,Research institute,Science
1-marinespecies.org_users_2023-11-07,University of Southern Denmark ,3131b5dc-669f-4964-a179-8ba0e4ca662a,University of Southern Denmark,Denmark,,University,Science
1-marinespecies.org_users_2023-11-07,Universidade de Vigo,5a38909e-efc7-4256-ac49-83a024b53d7b,University of Vigo,Spain,,University,Science
1-marinespecies.org_users_2023-11-07,Beijing Normal University,57bda6a7-75f6-43bf-aeed-7b4809c83565,Beijing Normal University,China,,University,Science
1-marinespecies.org_users_2023-11-07, Hellenic open University,f93d42ea-9880-4c8d-b344-fd9be6184bb1,Hellenic Open University,Greece,,University,Science
1-marinespecies.org_users_2023-11-07,Leipzig University,ac38199e-fe43-4006-95cf-61e24460460c,Leipzig University,Germany,,University,Science
1-marinespecies.org_users_2023-11-07,Smithsonian National Museum of Natural History,d43c93cf-b529-4a19-b92b-aedbaf089f15,Smithsonian Institution - Smithsonian National Museum of Natural History,USA,,Museum,Science
1-marinespecies.org_users_2023-11-07,Leibniz Institute for the Analysis of Biodiversity Change,70ca4bdf-87d3-4043-a25c-7f8999ff6f6b,Leibniz Institute for the Analysis of Biodiversity Change,Germany,,Research institute,Science
1-marinespecies.org_users_2023-11-07,Northeastern Asia Biodiversity Institute,eec83d7a-ab83-4838-b28d-cb21c216710e,,,,,
1-marinespecies.org_users_2023-11-07,Informatiehuis Marien (IHM) - Dutch Marine Information and Data Centre),015112b3-8e1d-4a60-86d4-aaffc5e8d19a,Informatiehuis Marien (IHM) - Dutch Marine Information and Data Centre,Netherlands,,Data infrastructure,Science
1-marinespecies.org_users_2023-11-07,"National Center for Biotechnology Information, NIH",b4cf0242-b0ba-4e05-a5b9-6052d6b15fcc,National Center for Biotechnology Information (NCBI),USA,,Data infrastructure,Science
1-marinespecies.org_users_2023-11-07,University of Miami,da070959-efac-45b6-a789-dcd5ee8520e4,University of Miami,USA,,University,Science
1-marinespecies.org_users_2023-11-07,"University of Colorado, Boulder",a5616834-7f1c-4be7-9b70-13a3cf76c25a,University of Colorado Boulder,USA,,University,Science
1-marinespecies.org_users_2023-11-07,Hyperion Technology Group,6e79085f-da28-465e-a4e0-510aa9cafd8d,Hyperion Technology Group Inc,USA,,Company,Industry
1-marinespecies.org_users_2023-11-07,University of Maryland,30956576-b49c-4145-a302-01618f45d7bc,University of Maryland,USA,,University,Science
1-marinespecies.org_users_2023-11-07,"Università Politecnica delle Marche, Department of Life and Environmental Sciences",7bad3e4f-de73-427c-a7a0-fbb5109aa1d8,Università Politecnica delle Marche (UNIVPM) – Department of Life and Environmental Sciences,Italy,,University,Science
1-marinespecies.org_users_2023-11-07,Biologica Environmental Services Ltd.,8e07a23d-a8de-4050-93b7-009e1eb59046,Biologica Environmental Services Ltd.,Canada,,Company,Industry
1-marinespecies.org_users_2023-11-07,VLIZ,31f52c32-71bd-4e01-8e0a-fa83dc600be5,VLIZ Flanders Marine Institute,Belgium,x,Research institute,Science
1-marinespecies.org_users_2023-11-07,"Instituto de Ciencias del Mar y Limnología, Universidad Nacional Autónoma de México",2d1305de-baac-47c3-ab7b-815841f372ef,National Autonomous University of Mexico (UNAM),Mexico,,University,Science
1-marinespecies.org_users_2023-11-07,Kiel University,11e9451d-bb7a-43f8-aa7a-5ad5c9a5fbf8,Kiel University (CAU),,,,
1-marinespecies.org_users_2023-11-07,"Pristine Seas, National Geographic",253ec1a5-b473-46ce-8516-08d2434717f9,,,,,
1-marinespecies.org_users_2023-11-07,Paleontological Research Institution,07d55028-bddf-46b0-a04d-606dfbb1dde6,Paleontological Research Institution,USA,,Research institute,Science
1-marinespecies.org_users_2023-11-07,National University of Singapore,91872619-649a-4b72-b8bf-fbf7a529c861,National University of Singapore,Singapore,,University,Science
1-marinespecies.org_users_2023-11-07,University of Georgia,a025e377-7f87-405b-98e9-26979f87019f,University of Georgia,USA,,University,Science
1-marinespecies.org_users_2023-11-07,University of Hawaii at Hilo,24cba0e3-305e-4a93-a63d-6df721fbcc06,University of Hawaii at Hilo,USA,,University,Science
1-marinespecies.org_users_2023-11-07,University of Guelph,3fd7e18d-b7b1-4af4-a2db-a2990cd76efe,University of Guelph,Canada,,University,Science
1-marinespecies.org_users_2023-11-07,Utwente,90b3a7a7-27f8-4508-ab34-da9fcdf4615a,University Twente (UT),Netherlands,,University,Science
1-marinespecies.org_users_2023-11-07,Durham University,ee27f2de-052f-452f-94ba-19aea1906655,Durham University,UK,,University,Science
1-marinespecies.org_users_2023-11-07,Mahidol University,8ae1549b-84c4-45bd-8b19-24f80c23ea6e,Mahidol University,Thailand,,University,Science
1-marinespecies.org_users_2023-11-07,"Stockholm Resilience Centre, Stockholm University",7f879c6e-e741-46cd-af5d-7dda451be847,Stockholm University - Stockholm Resilience Center,Sweden,,Research institute,Science
1-marinespecies.org_users_2023-11-07,KU Leuven,6ee1ccf0-fd07-4e6d-b42e-8890581a2e23,Catholique University of Louvain,Belgium,x,University,Science
1-marinespecies.org_users_2023-11-07,XMU(Xiamen University),33ee427d-31a3-42cc-808a-d9ca1eec6c0b,Xiamen University,China,,University,Science
1-marinespecies.org_users_2023-11-07,Institute of Biology,8fcb3081-e58c-4ef7-ad84-5be79116acc3,,,,,
1-marinespecies.org_users_2023-11-07,"Mississippi State University, NOAA, and the Northern Gulf Institute",a2a825d4-b365-40a2-9b9c-838c2ed1da5b,,,,,
1-marinespecies.org_users_2023-11-07,British Oceanographic Data Centre,2378f5bd-28f3-43e8-b93b-f8be849920ae,British Oceanographic Data Centre (BODC),UK,,Data infrastructure,Science
1-marinespecies.org_users_2023-11-07,Aalborg University,f37cb4ca-01cf-4e0b-89da-b7698dad1bee,Aalborg University,Denmark,,University,Science
1-marinespecies.org_users_2023-11-07,British Shell Collectors Club,25768382-0c5f-45b6-9b13-6dcbaaca8027,British Shell Collectors Club,UK,,Other,Civil society
1-marinespecies.org_users_2023-11-07,Ocean Networks Canada,f3c60317-f1ff-4716-8bf6-95ddfadfb0a0,University of Victoria - Ocean Networks Canada,Canada,,University,Science
1-marinespecies.org_users_2023-11-07,Poznan Supercomputing and Networking Center,7fc33fdf-0ca7-40e7-9c30-f5dffc19da48,Poznan Supercomputing and Networking Center (PSNC),Poland,,Research institute,Science
1-marinespecies.org_users_2023-11-07,Denver Museum of Nature and Science,cbc551a7-0b7f-49e0-b89f-6ce0e091474e,Denver Museum of Nature and Science,USA,,Museum,Science
1-marinespecies.org_users_2023-11-07,NTNU Vitenskapsmuseet,da5f90fe-fd9c-4153-bfe5-b79fabec3000,Norwegian University of Science and Technology (NTNU),Norway,,University,Science
1-marinespecies.org_users_2023-11-07,Thünen Institute of Sea Fisheries,5a9d1a07-2a28-47ab-bb6d-adf4418caa6a,Thünen Institute of Sea Fisheries,Germany,,Research institute,Science
1-marinespecies.org_users_2023-11-07,VLIZ,36f725b4-8701-4bd4-9378-1455f8b342df,VLIZ Flanders Marine Institute,Belgium,x,Research institute,Science
1-marinespecies.org_users_2023-11-07,Altas of Living Australia,80fb5125-c7bd-47d3-9914-8362aa3dfee7,Altas of Living Australia,Australia,,Data infrastructure,Science
1-marinespecies.org_users_2023-11-07,University of Colorado Boulder,145f2194-06c2-48e9-869b-6d10f27e344b,University of Colorado Boulder,USA,,University,Science
1-marinespecies.org_users_2023-11-07,"Department of Biodiversity, Conservtion and Attractions",46bf613b-314a-439c-ae67-20ed3cd05b50,,,,,
1-marinespecies.org_users_2023-11-07,Interoceanmetal Joint Organization,b8b70168-3305-4827-84db-6e46545943e3,,,,,
1-marinespecies.org_users_2023-11-07,Environment Southland,838a48b9-26b4-40c6-94df-c6cee795d45b,Environment Southland,New Zealand,,Governmental body,Policy
1-marinespecies.org_users_2023-11-07,National Academy of Marine Research,3d2b295f-3ccc-40b7-9b01-6d0d7acbea9c,,,,,
1-marinespecies.org_users_2023-11-07,Centre d'Etudes Biologiques de Chizé,7c77d968-a779-43c0-bd95-223fe9572186,Study Center Biological De Chizé,France,,Research institute,Science
1-marinespecies.org_users_2023-11-07,Institute for Environmental Protection and Research (ISPRA),7888f711-7990-4cc6-9390-11164294c9cf,National Institute for Environmental Research and Protection (ISPRA),Italy,,Research institute,Science
1-marinespecies.org_users_2023-11-07,National Research Institute of Fisheries Science,61199786-2115-41d3-9dca-634b612abba0,,,,,
1-marinespecies.org_users_2023-11-07,Centro de Ecología Aplicada,d28dd6c3-d8b6-439f-8654-bb7b4d23327b,Centro De Ecologia Aplicada (CEA),Chile,,Consultancy,Industry
1-marinespecies.org_users_2023-11-07,ILVO DIER1,b7e4d6e3-9c95-414b-9438-18475a1ff3a3,"Research Institute for Agriculture, Fisheries and Food (ILVO)",,,,
1-marinespecies.org_users_2023-11-07,University of Western Australia,78de9523-6041-44e0-a191-29d079c06792,University of Western Australia,Australia,,University,Science
1-marinespecies.org_users_2023-11-07,Institut de Recherche pour le Développement (IRD),aecb21a9-b86f-4481-a9ab-f5c627da6162,IRD L'Institut de recherche pour le développement,France,,Research institute,Science
1-marinespecies.org_users_2023-11-07,Natural History Museum,c0ad8f92-e9e2-4d0a-9784-cc43e2cd6049,NHM (Natural History Museum),UK,,Museum,Science
1-marinespecies.org_users_2023-11-07,University of Durham,bc47eceb-b916-4b06-9cc0-d000719ce6c0,Durham University,UK,,University,Science
1-marinespecies.org_users_2023-11-07,"Universidad EAFIT, Universidad de Antioquia",43317ec1-743c-4a89-be92-a95e2ec518b7,,,,,
1-marinespecies.org_users_2023-11-07,Swedish Meteorological and Hydrological Institute,17bdbac6-3d76-4e8e-8d15-cb1f7408a30a,Swedish Meteorological and Hydrological Institute (SMHI),Sweden,,Research institute,Science
1-marinespecies.org_users_2023-11-07,INRAE,c66bfca4-1e3c-4ad6-a608-2d91d020a904,INRA French National Institute for Agricultural Research,France,,Research institute,Science
1-marinespecies.org_users_2023-11-07,AI LAB,e7584806-ea50-4fee-ac32-c875cdc5b467,,,,,
1-marinespecies.org_users_2023-11-07,Archireef,d2464819-7852-4300-be1a-1b8e61d32191,Archireef,Hong Kong,,Company,Industry
1-marinespecies.org_users_2023-11-07,University of Alabama,59fdf5b7-c9cb-47c5-b726-58c9c17f383c,University of Alabama,USA,,University,Science
1-marinespecies.org_users_2023-11-07,IDLab (Ghent University - imec),188266a9-f798-4b85-b180-298de9aa5b61,Ghent University – IDLAB,Belgium,x,Research institute,Science
1-marinespecies.org_users_2023-11-07,"Institute of Evolutionary Biology (IBE, UPF-CSIC)",a5a057dc-a416-43ec-a1da-e88be5a8dba8,Institute of Evolutionary Biology (IBE) - CSIC UPF,Spain,,Research institute,Science
1-marinespecies.org_users_2023-11-07,Harokopio University of Athens,03292ff8-8a01-44cf-acc0-e90920c22eb9,Harokopio University,Greece,,University,Science
1-marinespecies.org_users_2023-11-07,Hokkaido University,2cab1207-7390-46b3-8e35-bc9943f5bfca,Hokkaido University,Japan,,University,Science
1-marinespecies.org_users_2023-11-07,University of British Columbia,8a84db3b-f887-4b37-b08d-2d300b137b89,University of British Columbia,Canada,,University,Science
1-marinespecies.org_users_2023-11-07,Natural History Museum of LA,1f024bfd-94ca-4a3f-b1bd-51fa3103899b,NHM Natural History Museum of Los Angeles County,USA,,Museum,Science
1-marinespecies.org_users_2023-11-07,Colgate University,c032448a-9ff9-4480-9284-2842ee0e703d,Colgate University,USA,,University,Science
1-marinespecies.org_users_2023-11-07,University of Washington,5819bc5b-1510-4416-9d32-5d0631ffbe10,University of Washington,USA,,University,Science
1-marinespecies.org_users_2023-11-07,National Research Council - University of Salento - LifeWatch Italy,32e534cf-b2f1-45c3-b265-d3d7ead502f7,,,,,
1-marinespecies.org_users_2023-11-07,NTNU Norway,d18a8794-1dd2-42fb-a8ec-e3a5577d6d5b,Norwegian University of Science and Technology (NTNU),Norway,,University,Science
1-marinespecies.org_users_2023-11-07,IPMA,7dd954a5-673b-4484-a527-238b49ce24b7,Portuguese Institute for Sea and Atmosphere (IPMA),Portugal,,Research institute,Science
1-marinespecies.org_users_2023-11-07,NOAA,4906a011-8fe2-4e2f-baa9-e4e0d47d0e7f,NOAA National Oceanic And Atmospheric Administration,USA,,Governmental body,Policy
1-marinespecies.org_users_2023-11-07,the University of Tokyo,b7612002-bbf5-4b6a-9f2c-bf1e757e2fb9,University of Tokyo,Japan,,University,Science
1-marinespecies.org_users_2023-11-07,"University of Natural Resources and Life Sciences, Vienna",ddd34a4c-bb2a-42d1-9f63-579d6030d8c3,BOKU University of Natural Resources and Life Sciences,,,,
1-marinespecies.org_users_2023-11-07,Università di Firenze,8dce69a5-9c08-4209-aab4-2d7bfe83d7bc,University of Firenze,Italy,,University,Science
1-marinespecies.org_users_2023-11-07,Indian Institute of Science Education and Research,558d05ba-6854-4f41-afa2-d956f5338dd9,Indian Institute of Science Education and Research,India,,University,Science
1-marinespecies.org_users_2023-11-07,Esox Biologics Ltd,f4697590-d372-429f-8abd-620c7b328f33,,,,,
1-marinespecies.org_users_2023-11-07,Norwegina Institute for Nature Research,5c56d545-65d5-406f-a1ff-c504ad9a701b,Norwegian Institute for Nature Research (NINA),Norway,,Research institute,Science
1-marinespecies.org_users_2023-11-07,The University of Western Australia,c3c7b0ca-4388-487c-9324-a7466cb0bddc,University of Western Australia,Australia,,University,Science
1-marinespecies.org_users_2023-11-07,Universidad Nacional Agraria La Molina,c3eff7cd-2466-4896-a838-4a8db0065270,Universidad Nacional Agraria La Molina,Peru,,University,Science
1-marinespecies.org_users_2023-11-07,Instituto Politecnico Nacional,2a4f2120-5f6a-46cb-84c4-263a100cd2fa,Instituto Politécnico Nacional,Mexico,,University,Science
1-marinespecies.org_users_2023-11-07,USGS,dbd83c51-887d-49b5-9fd4-759c456519e7,United States Geological Survey (USGS),,,,
1-marinespecies.org_users_2023-11-07,Det Teknologiske Universitet (DTU),e23b7be5-c9db-405e-b6dc-b13929cade34,Technical University of Denmark,Denmark,,University,Science
1-marinespecies.org_users_2023-11-07,Ghent University,10ea55cf-f3b1-40f2-9329-6112e2493a5b,Ghent University,Belgium,x,University,Science
1-marinespecies.org_users_2023-11-07,CNRS,68d09c58-dcb3-4d8a-a76b-7f0a91f83872,CNRS,France,,Research institute,Science
1-marinespecies.org_users_2023-11-07,ifremer,d686b6ea-f64b-495b-b3fa-e8ce5033f778,French Research Institute for Exploitation of the Sea (IFREMER),,,,
