source,email_domain_end,email_domain_name,user_identifier,stand_institute,country_alpha2,country_alpha3,country_official_name,country_url,flemish,group,qh,MarineInfo_ID,ROR_ID,local_ID
2-mailinglist_lifewatch.be_users_2023-11-07,be,vliz,3f94d2f7-3cf7-4a59-9038-f7f45d264349,VLIZ Flanders Marine Institute,BE,BEL,Kingdom of Belgium,https://www.iso.org/obp/ui/#iso:code:3166:BE,x,Research institute,Science,https://marineinfo.org/imis?module=institute&insid=36,,
2-mailinglist_lifewatch.be_users_2023-11-07,be,naturalsciences,170c08fd-c1b3-4c60-aaf3-f2cf2f574c84,Royal Belgian Institute of Natural Sciences (RBINS),BE,BEL,Kingdom of Belgium,https://www.iso.org/obp/ui/#iso:code:3166:BE,o,Research institute,Science,https://marineinfo.org/imis?module=institute&insid=1883,,
2-mailinglist_lifewatch.be_users_2023-11-07,be,africamuseum,ba282d8a-ca43-48b8-bc0d-42d6a6f04729,RMCA Royal Museum for Central Africa,BE,BEL,Kingdom of Belgium,https://www.iso.org/obp/ui/#iso:code:3166:BE,o,Museum,Science,https://marineinfo.org/imis?module=institute&insid=8576,,
2-mailinglist_lifewatch.be_users_2023-11-07,be,africamuseum,aff0671e-860d-41d8-8ce1-b5def8fc3b9d,RMCA Royal Museum for Central Africa,BE,BEL,Kingdom of Belgium,https://www.iso.org/obp/ui/#iso:code:3166:BE,o,Museum,Science,https://marineinfo.org/imis?module=institute&insid=8576,,
2-mailinglist_lifewatch.be_users_2023-11-07,be,africamuseum,82064d0c-8b65-46c6-88fe-cddb969774da,RMCA Royal Museum for Central Africa,BE,BEL,Kingdom of Belgium,https://www.iso.org/obp/ui/#iso:code:3166:BE,o,Museum,Science,https://marineinfo.org/imis?module=institute&insid=8576,,
2-mailinglist_lifewatch.be_users_2023-11-07,be,inbo,2dc4a7a3-8027-4593-b5da-4c2f72dac886,INBO Research Institute for Nature and Forest,BE,BEL,Kingdom of Belgium,https://www.iso.org/obp/ui/#iso:code:3166:BE,x,Research institute,Science,https://marineinfo.org/imis?module=institute&insid=5443,,
2-mailinglist_lifewatch.be_users_2023-11-07,be,ulgac,a29140ff-184a-4021-aa51-8c4a66b2f024,University of Liège,,,,,,,,,,
2-mailinglist_lifewatch.be_users_2023-11-07,be,uclouvain,ab5109d8-03b2-4bd9-a92a-2bf6ff608a7a,Catholique University of Louvain,BE,BEL,Kingdom of Belgium,https://www.iso.org/obp/ui/#iso:code:3166:BE,x,University,Science,https://marineinfo.org/imis?module=institute&insid=12102,,
2-mailinglist_lifewatch.be_users_2023-11-07,be,naturalsciences,6c53766b-1e1d-45c3-a626-612c7a4cfb96,Royal Belgian Institute of Natural Sciences (RBINS),BE,BEL,Kingdom of Belgium,https://www.iso.org/obp/ui/#iso:code:3166:BE,o,Research institute,Science,https://marineinfo.org/imis?module=institute&insid=1883,,
2-mailinglist_lifewatch.be_users_2023-11-07,nl,deltares,087de045-63d5-4d71-abb4-ea5f638cf74a,Deltares,NL,NLD,Kingdom of the Netherlands,https://www.iso.org/obp/ui/#iso:code:3166:NL,,Company,Industry,https://marineinfo.org/imis?module=institute&insid=8811,,
2-mailinglist_lifewatch.be_users_2023-11-07,be,naturalsciences,9b7ee166-5a73-4585-ab9c-9c52a5abd52a,Royal Belgian Institute of Natural Sciences (RBINS),BE,BEL,Kingdom of Belgium,https://www.iso.org/obp/ui/#iso:code:3166:BE,o,Research institute,Science,https://marineinfo.org/imis?module=institute&insid=1883,,
2-mailinglist_lifewatch.be_users_2023-11-07,be,justfgov,4f8f722d-75a8-4c40-811d-19cf8f55226c,Federal government - Federal Public Service Justice,BE,BEL,Kingdom of Belgium,https://www.iso.org/obp/ui/#iso:code:3166:BE,o,Governmental body,Policy,,,
2-mailinglist_lifewatch.be_users_2023-11-07,be,inbo,1625a437-d042-4e21-935f-0d2bdf6682ed,INBO Research Institute for Nature and Forest,BE,BEL,Kingdom of Belgium,https://www.iso.org/obp/ui/#iso:code:3166:BE,x,Research institute,Science,https://marineinfo.org/imis?module=institute&insid=5443,,
2-mailinglist_lifewatch.be_users_2023-11-07,be,inbo,2b60ab03-1671-4382-8cdf-0027884acf4c,INBO Research Institute for Nature and Forest,BE,BEL,Kingdom of Belgium,https://www.iso.org/obp/ui/#iso:code:3166:BE,x,Research institute,Science,https://marineinfo.org/imis?module=institute&insid=5443,,
2-mailinglist_lifewatch.be_users_2023-11-07,be,inbo,b5484b65-e005-46f3-93ae-cf6484017586,INBO Research Institute for Nature and Forest,BE,BEL,Kingdom of Belgium,https://www.iso.org/obp/ui/#iso:code:3166:BE,x,Research institute,Science,https://marineinfo.org/imis?module=institute&insid=5443,,
2-mailinglist_lifewatch.be_users_2023-11-07,be,ugent,f9d14d39-934e-4cca-9b0d-70a78451f1ae,Ghent University,BE,BEL,Kingdom of Belgium,https://www.iso.org/obp/ui/#iso:code:3166:BE,x,University,Science,https://marineinfo.org/imis?module=institute&insid=471,,
2-mailinglist_lifewatch.be_users_2023-11-07,be,uliege,2cd98a9f-f4d9-4848-a108-5a7239b79049,University of Liège,,,,,,,,,,
2-mailinglist_lifewatch.be_users_2023-11-07,be,ardenne-et-gaume,050cfd62-0616-4936-9c7b-19c11dcc7976,Ardenne & Gaume,BE,BEL,Kingdom of Belgium,https://www.iso.org/obp/ui/#iso:code:3166:BE,o,Other,Civil society,,,
2-mailinglist_lifewatch.be_users_2023-11-07,be,uhasselt,bfa4707e-0750-45a3-be4e-d02da2b1a5d1,Hasselt University,BE,BEL,Kingdom of Belgium,https://www.iso.org/obp/ui/#iso:code:3166:BE,x,University,Science,https://marineinfo.org/imis?module=institute&insid=12,,
2-mailinglist_lifewatch.be_users_2023-11-07,be,itg,14c45e1d-a7c0-4010-836c-d13812c74562,Institute of Tropical Medicine Antwerp,BE,BEL,Kingdom of Belgium,https://www.iso.org/obp/ui/#iso:code:3166:BE,x,Research institute,Science,https://marineinfo.org/imis?module=institute&insid=4317,,
2-mailinglist_lifewatch.be_users_2023-11-07,be,vliz,11840992-5a40-43ab-b345-aae814e2bbf4,VLIZ Flanders Marine Institute,BE,BEL,Kingdom of Belgium,https://www.iso.org/obp/ui/#iso:code:3166:BE,x,Research institute,Science,https://marineinfo.org/imis?module=institute&insid=36,,
2-mailinglist_lifewatch.be_users_2023-11-07,be,vliz,bd8a26ec-891a-45cb-adc1-f2cf7ad8629e,VLIZ Flanders Marine Institute,BE,BEL,Kingdom of Belgium,https://www.iso.org/obp/ui/#iso:code:3166:BE,x,Research institute,Science,https://marineinfo.org/imis?module=institute&insid=36,,
2-mailinglist_lifewatch.be_users_2023-11-07,be,vliz,b7cf3b72-4125-4e91-a45b-7d3206436bd7,VLIZ Flanders Marine Institute,BE,BEL,Kingdom of Belgium,https://www.iso.org/obp/ui/#iso:code:3166:BE,x,Research institute,Science,https://marineinfo.org/imis?module=institute&insid=36,,
2-mailinglist_lifewatch.be_users_2023-11-07,be,vliz,fe3e3b39-d90b-4e03-8a58-4288867f46ec,VLIZ Flanders Marine Institute,BE,BEL,Kingdom of Belgium,https://www.iso.org/obp/ui/#iso:code:3166:BE,x,Research institute,Science,https://marineinfo.org/imis?module=institute&insid=36,,
2-mailinglist_lifewatch.be_users_2023-11-07,be,vliz,7f1b9b92-8289-483b-88ba-d7d5e7f61fe7,VLIZ Flanders Marine Institute,BE,BEL,Kingdom of Belgium,https://www.iso.org/obp/ui/#iso:code:3166:BE,x,Research institute,Science,https://marineinfo.org/imis?module=institute&insid=36,,
2-mailinglist_lifewatch.be_users_2023-11-07,be,vliz,45fc8d95-5f8b-4c10-aa95-33ef70f0a082,VLIZ Flanders Marine Institute,BE,BEL,Kingdom of Belgium,https://www.iso.org/obp/ui/#iso:code:3166:BE,x,Research institute,Science,https://marineinfo.org/imis?module=institute&insid=36,,
2-mailinglist_lifewatch.be_users_2023-11-07,be,vliz,1d004c78-08ef-4c83-ad80-3fc24ed80e60,VLIZ Flanders Marine Institute,BE,BEL,Kingdom of Belgium,https://www.iso.org/obp/ui/#iso:code:3166:BE,x,Research institute,Science,https://marineinfo.org/imis?module=institute&insid=36,,
2-mailinglist_lifewatch.be_users_2023-11-07,be,vliz,d9d71e8b-fc85-4af0-8d82-ea04fd6363ba,VLIZ Flanders Marine Institute,BE,BEL,Kingdom of Belgium,https://www.iso.org/obp/ui/#iso:code:3166:BE,x,Research institute,Science,https://marineinfo.org/imis?module=institute&insid=36,,
2-mailinglist_lifewatch.be_users_2023-11-07,be,vliz,4bcfb8c5-d875-413b-bebc-035a731aad0a,VLIZ Flanders Marine Institute,BE,BEL,Kingdom of Belgium,https://www.iso.org/obp/ui/#iso:code:3166:BE,x,Research institute,Science,https://marineinfo.org/imis?module=institute&insid=36,,
2-mailinglist_lifewatch.be_users_2023-11-07,be,vliz,0ccfbd1e-8eeb-41f4-b14a-37efc1f7f072,VLIZ Flanders Marine Institute,BE,BEL,Kingdom of Belgium,https://www.iso.org/obp/ui/#iso:code:3166:BE,x,Research institute,Science,https://marineinfo.org/imis?module=institute&insid=36,,
2-mailinglist_lifewatch.be_users_2023-11-07,be,vliz,6a4d92ab-608f-46c6-948f-265ac97653b9,VLIZ Flanders Marine Institute,BE,BEL,Kingdom of Belgium,https://www.iso.org/obp/ui/#iso:code:3166:BE,x,Research institute,Science,https://marineinfo.org/imis?module=institute&insid=36,,
2-mailinglist_lifewatch.be_users_2023-11-07,be,vliz,8ca2e608-15be-4a4e-ab41-2c9d849fb3f5,VLIZ Flanders Marine Institute,BE,BEL,Kingdom of Belgium,https://www.iso.org/obp/ui/#iso:code:3166:BE,x,Research institute,Science,https://marineinfo.org/imis?module=institute&insid=36,,
2-mailinglist_lifewatch.be_users_2023-11-07,be,inbo,e362e546-964a-4716-874e-ce18d4b756fd,INBO Research Institute for Nature and Forest,BE,BEL,Kingdom of Belgium,https://www.iso.org/obp/ui/#iso:code:3166:BE,x,Research institute,Science,https://marineinfo.org/imis?module=institute&insid=5443,,
2-mailinglist_lifewatch.be_users_2023-11-07,be,inbo,c941bed0-cac0-41d3-baf0-7505613c86e1,INBO Research Institute for Nature and Forest,BE,BEL,Kingdom of Belgium,https://www.iso.org/obp/ui/#iso:code:3166:BE,x,Research institute,Science,https://marineinfo.org/imis?module=institute&insid=5443,,
2-mailinglist_lifewatch.be_users_2023-11-07,be,inbo,d2cab893-3f92-4d4e-bd2f-678a1f594387,INBO Research Institute for Nature and Forest,BE,BEL,Kingdom of Belgium,https://www.iso.org/obp/ui/#iso:code:3166:BE,x,Research institute,Science,https://marineinfo.org/imis?module=institute&insid=5443,,
2-mailinglist_lifewatch.be_users_2023-11-07,be,inbo,3c0ce77d-8486-4899-98e6-d581c54667f8,INBO Research Institute for Nature and Forest,BE,BEL,Kingdom of Belgium,https://www.iso.org/obp/ui/#iso:code:3166:BE,x,Research institute,Science,https://marineinfo.org/imis?module=institute&insid=5443,,
2-mailinglist_lifewatch.be_users_2023-11-07,be,inbo,ca28fb1e-9a51-47c0-859c-cd1b466fb009,INBO Research Institute for Nature and Forest,BE,BEL,Kingdom of Belgium,https://www.iso.org/obp/ui/#iso:code:3166:BE,x,Research institute,Science,https://marineinfo.org/imis?module=institute&insid=5443,,
2-mailinglist_lifewatch.be_users_2023-11-07,be,inbo,2c811b88-6eb0-40c9-ada5-330ac401b638,INBO Research Institute for Nature and Forest,BE,BEL,Kingdom of Belgium,https://www.iso.org/obp/ui/#iso:code:3166:BE,x,Research institute,Science,https://marineinfo.org/imis?module=institute&insid=5443,,
2-mailinglist_lifewatch.be_users_2023-11-07,be,inbo,229b2f04-5b69-4200-b4e2-10f81b9f1106,INBO Research Institute for Nature and Forest,BE,BEL,Kingdom of Belgium,https://www.iso.org/obp/ui/#iso:code:3166:BE,x,Research institute,Science,https://marineinfo.org/imis?module=institute&insid=5443,,
2-mailinglist_lifewatch.be_users_2023-11-07,be,UGent,487f2007-37b3-4e71-b62b-c126793d7a8d,Ghent University,BE,BEL,Kingdom of Belgium,https://www.iso.org/obp/ui/#iso:code:3166:BE,x,University,Science,https://marineinfo.org/imis?module=institute&insid=471,,
2-mailinglist_lifewatch.be_users_2023-11-07,be,ugent,68d9c4ab-d7d3-457d-8075-bbbdcaf3b294,Ghent University,BE,BEL,Kingdom of Belgium,https://www.iso.org/obp/ui/#iso:code:3166:BE,x,University,Science,https://marineinfo.org/imis?module=institute&insid=471,,
2-mailinglist_lifewatch.be_users_2023-11-07,be,ugent,aea96ba1-0d8e-4294-a0f5-92f373e65e3e,Ghent University,BE,BEL,Kingdom of Belgium,https://www.iso.org/obp/ui/#iso:code:3166:BE,x,University,Science,https://marineinfo.org/imis?module=institute&insid=471,,
2-mailinglist_lifewatch.be_users_2023-11-07,be,UGent,baa80f4a-45dd-48b6-9104-b82e6594a0e2,Ghent University,BE,BEL,Kingdom of Belgium,https://www.iso.org/obp/ui/#iso:code:3166:BE,x,University,Science,https://marineinfo.org/imis?module=institute&insid=471,,
2-mailinglist_lifewatch.be_users_2023-11-07,be,ugent,b40f7621-a633-4266-82c9-d1bd73f0bac3,Ghent University,BE,BEL,Kingdom of Belgium,https://www.iso.org/obp/ui/#iso:code:3166:BE,x,University,Science,https://marineinfo.org/imis?module=institute&insid=471,,
2-mailinglist_lifewatch.be_users_2023-11-07,be,ugent,1ef1a932-0972-4e14-a523-af426733ec65,Ghent University,BE,BEL,Kingdom of Belgium,https://www.iso.org/obp/ui/#iso:code:3166:BE,x,University,Science,https://marineinfo.org/imis?module=institute&insid=471,,
2-mailinglist_lifewatch.be_users_2023-11-07,be,biodiversity,8619b8f6-c68c-47a1-a39c-f4e30f727ea4,Belgian Biodiversity Platform (BBPf),BE,BEL,Kingdom of Belgium,https://www.iso.org/obp/ui/#iso:code:3166:BE,o,Data infrastructure,Science,https://marineinfo.org/imis?module=institute&insid=1564,,
2-mailinglist_lifewatch.be_users_2023-11-07,be,biodiversity,305db1d9-dd4d-4a05-817d-634a22043488,Belgian Biodiversity Platform (BBPf),BE,BEL,Kingdom of Belgium,https://www.iso.org/obp/ui/#iso:code:3166:BE,o,Data infrastructure,Science,https://marineinfo.org/imis?module=institute&insid=1564,,
2-mailinglist_lifewatch.be_users_2023-11-07,be,biodiversity,c0aa3a5b-c0cb-4877-932e-ead49ed9af21,Belgian Biodiversity Platform (BBPf),BE,BEL,Kingdom of Belgium,https://www.iso.org/obp/ui/#iso:code:3166:BE,o,Data infrastructure,Science,https://marineinfo.org/imis?module=institute&insid=1564,,
2-mailinglist_lifewatch.be_users_2023-11-07,be,uliege,2e3c8665-1948-42c0-8a0a-092f127ca2f0,University of Liège,,,,,,,,,,
2-mailinglist_lifewatch.be_users_2023-11-07,be,naturalsciences,8c555fe1-94fb-4393-8fbe-677f7b682ce8,Royal Belgian Institute of Natural Sciences (RBINS),BE,BEL,Kingdom of Belgium,https://www.iso.org/obp/ui/#iso:code:3166:BE,o,Research institute,Science,https://marineinfo.org/imis?module=institute&insid=1883,,
2-mailinglist_lifewatch.be_users_2023-11-07,be,naturalsciences,66901e13-cb3b-485b-a77d-2e8cf6d44182,Royal Belgian Institute of Natural Sciences (RBINS),BE,BEL,Kingdom of Belgium,https://www.iso.org/obp/ui/#iso:code:3166:BE,o,Research institute,Science,https://marineinfo.org/imis?module=institute&insid=1883,,
2-mailinglist_lifewatch.be_users_2023-11-07,be,naturalsciences,33c17456-76c8-4e25-a8f9-65a47e25c2b0,Royal Belgian Institute of Natural Sciences (RBINS),BE,BEL,Kingdom of Belgium,https://www.iso.org/obp/ui/#iso:code:3166:BE,o,Research institute,Science,https://marineinfo.org/imis?module=institute&insid=1883,,
2-mailinglist_lifewatch.be_users_2023-11-07,be,naturalsciences,d0da8301-fcc5-4cca-8500-7c4ef4532f2e,Royal Belgian Institute of Natural Sciences (RBINS),BE,BEL,Kingdom of Belgium,https://www.iso.org/obp/ui/#iso:code:3166:BE,o,Research institute,Science,https://marineinfo.org/imis?module=institute&insid=1883,,
2-mailinglist_lifewatch.be_users_2023-11-07,be,naturalsciences,e4ad878c-c503-44ca-9fb2-ca5ee04640d4,Royal Belgian Institute of Natural Sciences (RBINS),BE,BEL,Kingdom of Belgium,https://www.iso.org/obp/ui/#iso:code:3166:BE,o,Research institute,Science,https://marineinfo.org/imis?module=institute&insid=1883,,
2-mailinglist_lifewatch.be_users_2023-11-07,be,uhasselt,48ff01b4-e9a0-4813-b024-7414ba1c646f,Hasselt University,BE,BEL,Kingdom of Belgium,https://www.iso.org/obp/ui/#iso:code:3166:BE,x,University,Science,https://marineinfo.org/imis?module=institute&insid=12,,
2-mailinglist_lifewatch.be_users_2023-11-07,be,ilvovlaanderen,c695c01b-95c0-446a-b8a4-527323f62b5f,"ILVO Flanders Research Institute for Agriculture, Fisheries and Food",BE,BEL,Kingdom of Belgium,https://www.iso.org/obp/ui/#iso:code:3166:BE,x,Research institute,Science,https://marineinfo.org/imis?module=institute&insid=5442,,
2-mailinglist_lifewatch.be_users_2023-11-07,se,slu,14ce1415-45a2-4e60-9f8b-19acfde81f66,Swedish University of Agricultural Sciences (SLU),SE,SWE,Kingdom of Sweden,https://www.iso.org/obp/ui/#iso:code:3166:SE,,University,Science,https://marineinfo.org/imis?module=institute&insid=11145,,
2-mailinglist_lifewatch.be_users_2023-11-07,be,plantentuinmeise,56223edf-437b-480e-afb5-b0d495874af7,Plantentuin Meise,BE,BEL,Kingdom of Belgium,https://www.iso.org/obp/ui/#iso:code:3166:BE,x,Museum,Science,https://marineinfo.org/imis?module=institute&insid=146,,
2-mailinglist_lifewatch.be_users_2023-11-07,be,belspo,923b4f0a-4522-4f14-9af8-880bceb5f4ee,Federal government - Belgian Science Policy (BELSPO),BE,BEL,Kingdom of Belgium,https://www.iso.org/obp/ui/#iso:code:3166:BE,o,Governmental body,Policy,https://marineinfo.org/imis?module=institute&insid=120,,
2-mailinglist_lifewatch.be_users_2023-11-07,com,gmail,66f1dc22-5e92-46a7-a7e6-cf84499eecf6,personal,,,,https://www.iso.org/obp/ui/#iso:code:3166:XAA,,personal interest,Civil society,,,
2-mailinglist_lifewatch.be_users_2023-11-07,be,uantwerpen,3920c15e-affa-4069-bbd7-5569417463d9,University of Antwerp,BE,BEL,Kingdom of Belgium,https://www.iso.org/obp/ui/#iso:code:3166:BE,x,University,Science,https://marineinfo.org/imis?module=institute&insid=4538,,
2-mailinglist_lifewatch.be_users_2023-11-07,be,oost-vlaanderen,0459ef2b-9339-49d1-995d-110c787bf753,Province of East-Flanders,BE,BEL,Kingdom of Belgium,https://www.iso.org/obp/ui/#iso:code:3166:BE,x,Other public authorities,Policy,https://marineinfo.org/imis?module=institute&insid=5243,,
2-mailinglist_lifewatch.be_users_2023-11-07,be,uclouvain,1dea2ee1-4348-4512-a1c1-e029b4da6c13,Catholique University of Louvain,BE,BEL,Kingdom of Belgium,https://www.iso.org/obp/ui/#iso:code:3166:BE,x,University,Science,https://marineinfo.org/imis?module=institute&insid=12102,,
2-mailinglist_lifewatch.be_users_2023-11-07,be,vito,3a916be6-fa0c-46e1-8552-23ad72ac49a7,VITO Vlaamse Instelling voor Technologisch Onderzoek,BE,BEL,Kingdom of Belgium,https://www.iso.org/obp/ui/#iso:code:3166:BE,x,Research institute,Science,https://marineinfo.org/imis?module=institute&insid=138,,
2-mailinglist_lifewatch.be_users_2023-11-07,org,unesco,3d8b76bb-781a-40e3-809b-f6b043fd956f,UNESCO,,,,,,,,,,
2-mailinglist_lifewatch.be_users_2023-11-07,com,gmail,e6664447-0961-4df4-bb0d-5ca3661ae8c6,personal,,,,https://www.iso.org/obp/ui/#iso:code:3166:XAA,,personal interest,Civil society,,,
2-mailinglist_lifewatch.be_users_2023-11-07,org,cetaf,74586332-db83-4045-968b-958d0fb30a95,CETAF (Consortium of European Taxonomic Facilities),,,,https://www.iso.org/obp/ui/#iso:code:3166:EU,,Research network,Science,,,
2-mailinglist_lifewatch.be_users_2023-11-07,be,ewivlaanderen,fc819d54-53df-45c4-9afe-bb48026676aa,"Flemish Government - Department of Economy, Science and Innovation (EWI)",BE,BEL,Kingdom of Belgium,https://www.iso.org/obp/ui/#iso:code:3166:BE,x,Governmental body,Policy,https://marineinfo.org/imis?module=institute&insid=7088,,
2-mailinglist_lifewatch.be_users_2023-11-07,org,unesco,37d18292-0dc6-4f0f-a228-8d612d4197b8,UNESCO,,,,,,,,,,
2-mailinglist_lifewatch.be_users_2023-11-07,be,ulbac,2ea9141d-2c81-4056-bb7f-b43aa6551dfe,Université Libre de Bruxelles (ULB),,,,,,,,,,
2-mailinglist_lifewatch.be_users_2023-11-07,uk,sheffieldac,1c8b5830-f886-4638-a318-b1e8e0eea346,University of Sheffield,GB,GBR,the United Kingdom of Great Britain and Northern Ireland,https://www.iso.org/obp/ui/#iso:code:3166:GB,,University,Science,,,
2-mailinglist_lifewatch.be_users_2023-11-07,be,vliz,d2e099ba-6815-43aa-b482-8b2603217c55,VLIZ Flanders Marine Institute,BE,BEL,Kingdom of Belgium,https://www.iso.org/obp/ui/#iso:code:3166:BE,x,Research institute,Science,https://marineinfo.org/imis?module=institute&insid=36,,
2-mailinglist_lifewatch.be_users_2023-11-07,be,vliz,cada77a7-6225-4e55-ad66-8c3ab526e820,VLIZ Flanders Marine Institute,BE,BEL,Kingdom of Belgium,https://www.iso.org/obp/ui/#iso:code:3166:BE,x,Research institute,Science,https://marineinfo.org/imis?module=institute&insid=36,,
2-mailinglist_lifewatch.be_users_2023-11-07,be,vliz,44d419ef-ad14-434e-a0f0-5ccf58b3257d,VLIZ Flanders Marine Institute,BE,BEL,Kingdom of Belgium,https://www.iso.org/obp/ui/#iso:code:3166:BE,x,Research institute,Science,https://marineinfo.org/imis?module=institute&insid=36,,
2-mailinglist_lifewatch.be_users_2023-11-07,be,vliz,f1e020fb-2c14-4391-8966-84b4a4c91c02,VLIZ Flanders Marine Institute,BE,BEL,Kingdom of Belgium,https://www.iso.org/obp/ui/#iso:code:3166:BE,x,Research institute,Science,https://marineinfo.org/imis?module=institute&insid=36,,
2-mailinglist_lifewatch.be_users_2023-11-07,be,vliz,5a878ce4-eb43-48ff-8996-8c3fb7563cc3,VLIZ Flanders Marine Institute,BE,BEL,Kingdom of Belgium,https://www.iso.org/obp/ui/#iso:code:3166:BE,x,Research institute,Science,https://marineinfo.org/imis?module=institute&insid=36,,
2-mailinglist_lifewatch.be_users_2023-11-07,be,vliz,b43d76c2-6d2e-4951-a7bd-81ebb556b673,VLIZ Flanders Marine Institute,BE,BEL,Kingdom of Belgium,https://www.iso.org/obp/ui/#iso:code:3166:BE,x,Research institute,Science,https://marineinfo.org/imis?module=institute&insid=36,,
2-mailinglist_lifewatch.be_users_2023-11-07,com,Lotek,8ad6a8ce-9a0d-4d23-8944-acea9f63811c,Lotek,,,,https://www.iso.org/obp/ui/#iso:code:3166:XAA,,Company,Industry,,,
2-mailinglist_lifewatch.be_users_2023-11-07,be,uclouvain,3804a4db-525e-4887-af4d-aec39b631b88,Catholique University of Louvain,BE,BEL,Kingdom of Belgium,https://www.iso.org/obp/ui/#iso:code:3166:BE,x,University,Science,https://marineinfo.org/imis?module=institute&insid=12102,,
2-mailinglist_lifewatch.be_users_2023-11-07,be,naturalsciences,355c788e-d83f-4fa5-b624-522744968f95,Royal Belgian Institute of Natural Sciences (RBINS),BE,BEL,Kingdom of Belgium,https://www.iso.org/obp/ui/#iso:code:3166:BE,o,Research institute,Science,https://marineinfo.org/imis?module=institute&insid=1883,,
2-mailinglist_lifewatch.be_users_2023-11-07,be,naturalsciences,5c41bac9-ddd1-4dc0-9ab4-770d2204e349,Royal Belgian Institute of Natural Sciences (RBINS),BE,BEL,Kingdom of Belgium,https://www.iso.org/obp/ui/#iso:code:3166:BE,o,Research institute,Science,https://marineinfo.org/imis?module=institute&insid=1883,,
2-mailinglist_lifewatch.be_users_2023-11-07,be,inbo,822fe280-3cbb-49c6-b5a6-21bd7c073cda,INBO Research Institute for Nature and Forest,BE,BEL,Kingdom of Belgium,https://www.iso.org/obp/ui/#iso:code:3166:BE,x,Research institute,Science,https://marineinfo.org/imis?module=institute&insid=5443,,
2-mailinglist_lifewatch.be_users_2023-11-07,be,vliz,19701f30-0e0a-4778-ab23-c31562e384ce,VLIZ Flanders Marine Institute,BE,BEL,Kingdom of Belgium,https://www.iso.org/obp/ui/#iso:code:3166:BE,x,Research institute,Science,https://marineinfo.org/imis?module=institute&insid=36,,
2-mailinglist_lifewatch.be_users_2023-11-07,be,vliz,ff398eaa-37e4-41f3-93b5-7654b031360e,VLIZ Flanders Marine Institute,BE,BEL,Kingdom of Belgium,https://www.iso.org/obp/ui/#iso:code:3166:BE,x,Research institute,Science,https://marineinfo.org/imis?module=institute&insid=36,,
2-mailinglist_lifewatch.be_users_2023-11-07,be,naturalsciences,0ca4c247-f7ee-4c71-b4e7-9f0b07f202d6,Royal Belgian Institute of Natural Sciences (RBINS),BE,BEL,Kingdom of Belgium,https://www.iso.org/obp/ui/#iso:code:3166:BE,o,Research institute,Science,https://marineinfo.org/imis?module=institute&insid=1883,,
2-mailinglist_lifewatch.be_users_2023-11-07,be,cfwb,2e26b63f-dfed-4b4f-8acb-05c68c0453e3,Fédération Wallonie-Bruxelles,,,,,,,,,,
2-mailinglist_lifewatch.be_users_2023-11-07,be,spwwallonie,69463f13-bb62-4337-a0ad-6b2a9c6136aa,SPW Service public de Wallonie,BE,BEL,Kingdom of Belgium,https://www.iso.org/obp/ui/#iso:code:3166:BE,o,Governmental body,Policy,,,
2-mailinglist_lifewatch.be_users_2023-11-07,be,wwf,3c3f2c4c-81b4-4e23-bf4a-a591bf1c176b,WWF,,,,https://www.iso.org/obp/ui/#iso:code:3166:XAA,,Non-profit organization,Civil society,,,
2-mailinglist_lifewatch.be_users_2023-11-07,be,vliz,32b572ee-3814-47aa-9fd8-7b1931858c2d,VLIZ Flanders Marine Institute,BE,BEL,Kingdom of Belgium,https://www.iso.org/obp/ui/#iso:code:3166:BE,x,Research institute,Science,https://marineinfo.org/imis?module=institute&insid=36,,
2-mailinglist_lifewatch.be_users_2023-11-07,be,naturalsciences,8b17632f-b863-4145-a417-5e016058d2c7,Royal Belgian Institute of Natural Sciences (RBINS),BE,BEL,Kingdom of Belgium,https://www.iso.org/obp/ui/#iso:code:3166:BE,o,Research institute,Science,https://marineinfo.org/imis?module=institute&insid=1883,,
2-mailinglist_lifewatch.be_users_2023-11-07,be,vliz,0ed4949d-d963-4ebb-8a2f-b4350b8f963c,VLIZ Flanders Marine Institute,BE,BEL,Kingdom of Belgium,https://www.iso.org/obp/ui/#iso:code:3166:BE,x,Research institute,Science,https://marineinfo.org/imis?module=institute&insid=36,,
2-mailinglist_lifewatch.be_users_2023-11-07,be,vliz,1ee60017-71a9-4f63-880a-e963d6b4867b,VLIZ Flanders Marine Institute,BE,BEL,Kingdom of Belgium,https://www.iso.org/obp/ui/#iso:code:3166:BE,x,Research institute,Science,https://marineinfo.org/imis?module=institute&insid=36,,
2-mailinglist_lifewatch.be_users_2023-11-07,be,vlaanderen,1e36289b-8c58-46c8-b667-9ca1f9e062aa,Flemish Government,BE,BEL,Kingdom of Belgium,https://www.iso.org/obp/ui/#iso:code:3166:BE,x,Governmental body,Policy,https://marineinfo.org/imis?module=institute&insid=6891,,
2-mailinglist_lifewatch.be_users_2023-11-07,com,gmail,7a0db1b1-cd8c-44bb-aa0e-8a9ceb84d193,personal,,,,https://www.iso.org/obp/ui/#iso:code:3166:XAA,,personal interest,Civil society,,,
2-mailinglist_lifewatch.be_users_2023-11-07,be,vliz,1991693e-7f7b-445b-82d2-e3b089c572ee,VLIZ Flanders Marine Institute,BE,BEL,Kingdom of Belgium,https://www.iso.org/obp/ui/#iso:code:3166:BE,x,Research institute,Science,https://marineinfo.org/imis?module=institute&insid=36,,
2-mailinglist_lifewatch.be_users_2023-11-07,be,vliz,decec429-2884-4f03-9a31-5ac8280395ab,VLIZ Flanders Marine Institute,BE,BEL,Kingdom of Belgium,https://www.iso.org/obp/ui/#iso:code:3166:BE,x,Research institute,Science,https://marineinfo.org/imis?module=institute&insid=36,,
2-mailinglist_lifewatch.be_users_2023-11-07,be,naturalsciences,a2c87198-09c6-4798-8626-b94c4a9f48e0,Royal Belgian Institute of Natural Sciences (RBINS),BE,BEL,Kingdom of Belgium,https://www.iso.org/obp/ui/#iso:code:3166:BE,o,Research institute,Science,https://marineinfo.org/imis?module=institute&insid=1883,,
2-mailinglist_lifewatch.be_users_2023-11-07,be,inbo,d28e75b4-21dd-4482-a844-0234732327d0,INBO Research Institute for Nature and Forest,BE,BEL,Kingdom of Belgium,https://www.iso.org/obp/ui/#iso:code:3166:BE,x,Research institute,Science,https://marineinfo.org/imis?module=institute&insid=5443,,
2-mailinglist_lifewatch.be_users_2023-11-07,be,naturalsciences,ce967447-a680-4efd-9e78-d989b503f6c2,Royal Belgian Institute of Natural Sciences (RBINS),BE,BEL,Kingdom of Belgium,https://www.iso.org/obp/ui/#iso:code:3166:BE,o,Research institute,Science,https://marineinfo.org/imis?module=institute&insid=1883,,
2-mailinglist_lifewatch.be_users_2023-11-07,be,Uantwerpen,13d0ac66-4fd3-448d-b405-d66f469f2e9a,University of Antwerp,BE,BEL,Kingdom of Belgium,https://www.iso.org/obp/ui/#iso:code:3166:BE,x,University,Science,https://marineinfo.org/imis?module=institute&insid=4538,,
2-mailinglist_lifewatch.be_users_2023-11-07,be,kuleuven,9fa7d6c3-075a-49ca-ba86-2d0775ad6b87,Catholique University of Louvain,BE,BEL,Kingdom of Belgium,https://www.iso.org/obp/ui/#iso:code:3166:BE,x,University,Science,https://marineinfo.org/imis?module=institute&insid=12102,,
2-mailinglist_lifewatch.be_users_2023-11-07,be,aves,a774b569-66ed-4cf8-88d0-baf773ef6d49,Natagora,BE,BEL,Kingdom of Belgium,https://www.iso.org/obp/ui/#iso:code:3166:BE,o,Non-profit organization,Civil society,,,
2-mailinglist_lifewatch.be_users_2023-11-07,be,vliz,69fada09-cfab-496f-be25-abd0a06f7057,VLIZ Flanders Marine Institute,BE,BEL,Kingdom of Belgium,https://www.iso.org/obp/ui/#iso:code:3166:BE,x,Research institute,Science,https://marineinfo.org/imis?module=institute&insid=36,,
2-mailinglist_lifewatch.be_users_2023-11-07,eu,lifewatch,a564419d-efec-4e1f-85d7-c5e2f22c319e,LifeWatch BELGIUM,BE,BEL,Kingdom of Belgium,https://www.iso.org/obp/ui/#iso:code:3166:BE,,Research ,Science,,,
2-mailinglist_lifewatch.be_users_2023-11-07,be,naturalsciences,96b9f986-9e7a-4a94-83d4-4d016bfc660d,Royal Belgian Institute of Natural Sciences (RBINS),BE,BEL,Kingdom of Belgium,https://www.iso.org/obp/ui/#iso:code:3166:BE,o,Research institute,Science,https://marineinfo.org/imis?module=institute&insid=1883,,
2-mailinglist_lifewatch.be_users_2023-11-07,eu,emodnet,2a0b0895-867a-4f0f-adad-cf58a36ac6e3,EMODnet (European Marine Observation and Data Network),,,,https://www.iso.org/obp/ui/#iso:code:3166:EU,,Data infrastructure,Science,https://marineinfo.org/imis?module=institute&insid=12964,,
2-mailinglist_lifewatch.be_users_2023-11-07,be,naturalsciences,715a2f75-b980-4bd6-81cd-75d28bdb2148,Royal Belgian Institute of Natural Sciences (RBINS),BE,BEL,Kingdom of Belgium,https://www.iso.org/obp/ui/#iso:code:3166:BE,o,Research institute,Science,https://marineinfo.org/imis?module=institute&insid=1883,,
2-mailinglist_lifewatch.be_users_2023-11-07,be,vliz,4efc9fb4-8151-417f-918d-5cf216015712,VLIZ Flanders Marine Institute,BE,BEL,Kingdom of Belgium,https://www.iso.org/obp/ui/#iso:code:3166:BE,x,Research institute,Science,https://marineinfo.org/imis?module=institute&insid=36,,
2-mailinglist_lifewatch.be_users_2023-11-07,be,naturalsciences,ca23a3e9-316d-4847-a053-1304c21b1c86,Royal Belgian Institute of Natural Sciences (RBINS),BE,BEL,Kingdom of Belgium,https://www.iso.org/obp/ui/#iso:code:3166:BE,o,Research institute,Science,https://marineinfo.org/imis?module=institute&insid=1883,,
2-mailinglist_lifewatch.be_users_2023-11-07,be,uantwerpen,4bb5da8e-eb68-4c6b-a2df-1f4fb2ee6b3c,University of Antwerp,BE,BEL,Kingdom of Belgium,https://www.iso.org/obp/ui/#iso:code:3166:BE,x,University,Science,https://marineinfo.org/imis?module=institute&insid=4538,,
2-mailinglist_lifewatch.be_users_2023-11-07,be,ugent,410aa0b8-58b1-4ffe-bf1d-8073dedef803,Ghent University,BE,BEL,Kingdom of Belgium,https://www.iso.org/obp/ui/#iso:code:3166:BE,x,University,Science,https://marineinfo.org/imis?module=institute&insid=471,,
2-mailinglist_lifewatch.be_users_2023-11-07,be,mil,1c703212-532f-4715-ba56-6b56dab30590,Defensie,BE,BEL,Kingdom of Belgium,https://www.iso.org/obp/ui/#iso:code:3166:BE,o,Defence,Policy,https://marineinfo.org/imis?module=institute&insid=14103,,
2-mailinglist_lifewatch.be_users_2023-11-07,be,mil,f8ec40bd-42c1-4430-9be7-1d69c3d692e5,Defensie,BE,BEL,Kingdom of Belgium,https://www.iso.org/obp/ui/#iso:code:3166:BE,o,Defence,Policy,https://marineinfo.org/imis?module=institute&insid=14103,,
2-mailinglist_lifewatch.be_users_2023-11-07,be,vliz,90490913-5d1c-45a5-8b92-d4fe6b57d3a2,VLIZ Flanders Marine Institute,BE,BEL,Kingdom of Belgium,https://www.iso.org/obp/ui/#iso:code:3166:BE,x,Research institute,Science,https://marineinfo.org/imis?module=institute&insid=36,,
2-mailinglist_lifewatch.be_users_2023-11-07,be,vliz,a87c3a75-fb71-4703-9691-cd55c7f6486e,VLIZ Flanders Marine Institute,BE,BEL,Kingdom of Belgium,https://www.iso.org/obp/ui/#iso:code:3166:BE,x,Research institute,Science,https://marineinfo.org/imis?module=institute&insid=36,,
2-mailinglist_lifewatch.be_users_2023-11-07,gr,vetauth,b58e6517-b584-4c00-aff2-b53e86d96500,Aristotle University of Thessaloniki - School of Veterinary Medicine,GR,GRC,Hellenic Republic,https://www.iso.org/obp/ui/#iso:code:3166:GR,,University,Science,https://marineinfo.org/imis?module=institute&insid=7403,,
2-mailinglist_lifewatch.be_users_2023-11-07,gr,vetauth,e0e22679-075e-45b6-8ad6-a773232f3bc7,Aristotle University of Thessaloniki - School of Veterinary Medicine,GR,GRC,Hellenic Republic,https://www.iso.org/obp/ui/#iso:code:3166:GR,,University,Science,https://marineinfo.org/imis?module=institute&insid=7403,,
2-mailinglist_lifewatch.be_users_2023-11-07,be,vliz,302c9f33-51a1-4caa-8f21-8705c8499fce,VLIZ Flanders Marine Institute,BE,BEL,Kingdom of Belgium,https://www.iso.org/obp/ui/#iso:code:3166:BE,x,Research institute,Science,https://marineinfo.org/imis?module=institute&insid=36,,
2-mailinglist_lifewatch.be_users_2023-11-07,com,gmail,d0186bad-530f-4c38-b494-7138ea2ab6a1,personal,,,,https://www.iso.org/obp/ui/#iso:code:3166:XAA,,personal interest,Civil society,,,
2-mailinglist_lifewatch.be_users_2023-11-07,be,naturalsciences,65aee235-9ca7-4ac1-8ad9-594fcec03960,Royal Belgian Institute of Natural Sciences (RBINS),BE,BEL,Kingdom of Belgium,https://www.iso.org/obp/ui/#iso:code:3166:BE,o,Research institute,Science,https://marineinfo.org/imis?module=institute&insid=1883,,
2-mailinglist_lifewatch.be_users_2023-11-07,be,naturalsciences,0ff0f457-a431-4b26-9c0e-08568c1defde,Royal Belgian Institute of Natural Sciences (RBINS),BE,BEL,Kingdom of Belgium,https://www.iso.org/obp/ui/#iso:code:3166:BE,o,Research institute,Science,https://marineinfo.org/imis?module=institute&insid=1883,,
2-mailinglist_lifewatch.be_users_2023-11-07,be,uhasselt,165e4d67-13ba-48bc-87f7-6722323647ab,Hasselt University,BE,BEL,Kingdom of Belgium,https://www.iso.org/obp/ui/#iso:code:3166:BE,x,University,Science,https://marineinfo.org/imis?module=institute&insid=12,,
2-mailinglist_lifewatch.be_users_2023-11-07,be,inbo,f2720515-e3df-4a5b-be3d-f5668e65a1a6,INBO Research Institute for Nature and Forest,BE,BEL,Kingdom of Belgium,https://www.iso.org/obp/ui/#iso:code:3166:BE,x,Research institute,Science,https://marineinfo.org/imis?module=institute&insid=5443,,
2-mailinglist_lifewatch.be_users_2023-11-07,be,ugent,c6c848da-f478-4825-9769-26840d2a5b3f,Ghent University,BE,BEL,Kingdom of Belgium,https://www.iso.org/obp/ui/#iso:code:3166:BE,x,University,Science,https://marineinfo.org/imis?module=institute&insid=471,,
2-mailinglist_lifewatch.be_users_2023-11-07,be,inbo,1ce00cf5-c0d9-4ed1-ae4e-9e822e376597,INBO Research Institute for Nature and Forest,BE,BEL,Kingdom of Belgium,https://www.iso.org/obp/ui/#iso:code:3166:BE,x,Research institute,Science,https://marineinfo.org/imis?module=institute&insid=5443,,
2-mailinglist_lifewatch.be_users_2023-11-07,be,natagora,16f521bc-a7e0-4ba8-a63e-d8a464338d81,Natagora,BE,BEL,Kingdom of Belgium,https://www.iso.org/obp/ui/#iso:code:3166:BE,o,Non-profit organization,Civil society,,,
2-mailinglist_lifewatch.be_users_2023-11-07,be,ugent,404156ce-baeb-40ec-a108-ffcc18a6b764,Ghent University,BE,BEL,Kingdom of Belgium,https://www.iso.org/obp/ui/#iso:code:3166:BE,x,University,Science,https://marineinfo.org/imis?module=institute&insid=471,,
2-mailinglist_lifewatch.be_users_2023-11-07,be,ugent,43393323-d5ec-465b-b085-d04acb94e339,Ghent University,BE,BEL,Kingdom of Belgium,https://www.iso.org/obp/ui/#iso:code:3166:BE,x,University,Science,https://marineinfo.org/imis?module=institute&insid=471,,
2-mailinglist_lifewatch.be_users_2023-11-07,com,gmail,e14fe3b9-b873-4eb8-9630-dc67b647ac4f,personal,,,,https://www.iso.org/obp/ui/#iso:code:3166:XAA,,personal interest,Civil society,,,
2-mailinglist_lifewatch.be_users_2023-11-07,be,ugent,63c17c4c-3573-4790-90f2-dafda43c34b8,Ghent University,BE,BEL,Kingdom of Belgium,https://www.iso.org/obp/ui/#iso:code:3166:BE,x,University,Science,https://marineinfo.org/imis?module=institute&insid=471,,
2-mailinglist_lifewatch.be_users_2023-11-07,be,ugent,c14c5706-8532-4f0f-83bd-75ba3c321e69,Ghent University,BE,BEL,Kingdom of Belgium,https://www.iso.org/obp/ui/#iso:code:3166:BE,x,University,Science,https://marineinfo.org/imis?module=institute&insid=471,,
2-mailinglist_lifewatch.be_users_2023-11-07,be,ugent,1eeb2d19-69de-487e-a592-6dfce02fcb0e,Ghent University,BE,BEL,Kingdom of Belgium,https://www.iso.org/obp/ui/#iso:code:3166:BE,x,University,Science,https://marineinfo.org/imis?module=institute&insid=471,,
2-mailinglist_lifewatch.be_users_2023-11-07,be,inbo,844f6506-8454-4133-934a-9caae4582e35,INBO Research Institute for Nature and Forest,BE,BEL,Kingdom of Belgium,https://www.iso.org/obp/ui/#iso:code:3166:BE,x,Research institute,Science,https://marineinfo.org/imis?module=institute&insid=5443,,
2-mailinglist_lifewatch.be_users_2023-11-07,be,ugent,c9f4fed4-0dde-4fe6-8ee6-603af64b11a1,Ghent University,BE,BEL,Kingdom of Belgium,https://www.iso.org/obp/ui/#iso:code:3166:BE,x,University,Science,https://marineinfo.org/imis?module=institute&insid=471,,
2-mailinglist_lifewatch.be_users_2023-11-07,be,inbo,61b4f0a4-abfa-40b6-8ffe-6134057e0b25,INBO Research Institute for Nature and Forest,BE,BEL,Kingdom of Belgium,https://www.iso.org/obp/ui/#iso:code:3166:BE,x,Research institute,Science,https://marineinfo.org/imis?module=institute&insid=5443,,
2-mailinglist_lifewatch.be_users_2023-11-07,nl,wur,68194cda-6826-420f-841a-23b11c37b7d2,Wageningen University & Research (WUR),NL,NLD,Kingdom of the Netherlands,https://www.iso.org/obp/ui/#iso:code:3166:NL,,University,Science,https://marineinfo.org/imis?module=institute&insid=5450,,
2-mailinglist_lifewatch.be_users_2023-11-07,be,inbo,7cc75b73-6392-46f4-88de-cc5f18d24abc,INBO Research Institute for Nature and Forest,BE,BEL,Kingdom of Belgium,https://www.iso.org/obp/ui/#iso:code:3166:BE,x,Research institute,Science,https://marineinfo.org/imis?module=institute&insid=5443,,
2-mailinglist_lifewatch.be_users_2023-11-07,be,ugent,b050f2f4-b4bb-4236-8a5c-4c3f0c45f165,Ghent University,BE,BEL,Kingdom of Belgium,https://www.iso.org/obp/ui/#iso:code:3166:BE,x,University,Science,https://marineinfo.org/imis?module=institute&insid=471,,
2-mailinglist_lifewatch.be_users_2023-11-07,be,ugent,ddc0487b-ffba-4077-8a07-10afb43f18e9,Ghent University,BE,BEL,Kingdom of Belgium,https://www.iso.org/obp/ui/#iso:code:3166:BE,x,University,Science,https://marineinfo.org/imis?module=institute&insid=471,,
2-mailinglist_lifewatch.be_users_2023-11-07,be,ulgac,014e727a-fedf-4126-9c07-a6f02b4acef0,University of Liège,,,,,,,,,,
2-mailinglist_lifewatch.be_users_2023-11-07,be,inbo,cbc860eb-811a-4a76-a182-8870c7101206,INBO Research Institute for Nature and Forest,BE,BEL,Kingdom of Belgium,https://www.iso.org/obp/ui/#iso:code:3166:BE,x,Research institute,Science,https://marineinfo.org/imis?module=institute&insid=5443,,
2-mailinglist_lifewatch.be_users_2023-11-07,be,ugent,fea5e78b-44de-4a6a-9cbf-a8a52565d33d,Ghent University,BE,BEL,Kingdom of Belgium,https://www.iso.org/obp/ui/#iso:code:3166:BE,x,University,Science,https://marineinfo.org/imis?module=institute&insid=471,,
2-mailinglist_lifewatch.be_users_2023-11-07,be,uhasselt,e362d70a-7949-4306-8ac5-12f2356a89a2,Hasselt University,BE,BEL,Kingdom of Belgium,https://www.iso.org/obp/ui/#iso:code:3166:BE,x,University,Science,https://marineinfo.org/imis?module=institute&insid=12,,
2-mailinglist_lifewatch.be_users_2023-11-07,be,ugent,750f3b3a-7b30-41bd-9daf-ab9c688861ad,Ghent University,BE,BEL,Kingdom of Belgium,https://www.iso.org/obp/ui/#iso:code:3166:BE,x,University,Science,https://marineinfo.org/imis?module=institute&insid=471,,
2-mailinglist_lifewatch.be_users_2023-11-07,com,gmail,d32d05ce-4b3f-494f-a915-eff897d2900c,personal,,,,https://www.iso.org/obp/ui/#iso:code:3166:XAA,,personal interest,Civil society,,,
2-mailinglist_lifewatch.be_users_2023-11-07,nl,derijkenoordzee,72e59257-f265-42b9-9477-300dfe08fbde,De Rijke Noordzee,BE,BEL,Kingdom of Belgium,https://www.iso.org/obp/ui/#iso:code:3166:BE,x,Non-profit organization,Civil society,https://marineinfo.org/imis?module=institute&insid=14552,,
2-mailinglist_lifewatch.be_users_2023-11-07,eu,lifewatch,982f3137-08f0-40ee-9607-95efdb0dc672,LifeWatch BELGIUM,BE,BEL,Kingdom of Belgium,https://www.iso.org/obp/ui/#iso:code:3166:BE,,Research ,Science,,,
2-mailinglist_lifewatch.be_users_2023-11-07,eu,lifewatch,b5cad950-31ed-484c-90e9-77fee326241d,LifeWatch BELGIUM,BE,BEL,Kingdom of Belgium,https://www.iso.org/obp/ui/#iso:code:3166:BE,,Research ,Science,,,
2-mailinglist_lifewatch.be_users_2023-11-07,be,ilvovlaanderen,8a695481-1d99-4758-9420-0a4d327df1c2,"ILVO Flanders Research Institute for Agriculture, Fisheries and Food",BE,BEL,Kingdom of Belgium,https://www.iso.org/obp/ui/#iso:code:3166:BE,x,Research institute,Science,https://marineinfo.org/imis?module=institute&insid=5442,,
2-mailinglist_lifewatch.be_users_2023-11-07,nl,derijkenoordzee,5e062ead-deb9-4074-bb05-404dfc82de2a,De Rijke Noordzee,BE,BEL,Kingdom of Belgium,https://www.iso.org/obp/ui/#iso:code:3166:BE,x,Non-profit organization,Civil society,https://marineinfo.org/imis?module=institute&insid=14552,,
2-mailinglist_lifewatch.be_users_2023-11-07,be,africamuseum,b10c66f6-cf04-4ed4-8664-a36ebc967a81,RMCA Royal Museum for Central Africa,BE,BEL,Kingdom of Belgium,https://www.iso.org/obp/ui/#iso:code:3166:BE,o,Museum,Science,https://marineinfo.org/imis?module=institute&insid=8576,,
2-mailinglist_lifewatch.be_users_2023-11-07,com,hotmail,57d46a5e-eb61-4802-8cc0-e360b0e8ed3c,personal,,,,https://www.iso.org/obp/ui/#iso:code:3166:XAA,,personal interest,Civil society,,,
2-mailinglist_lifewatch.be_users_2023-11-07,org,unesco,f0e0fa50-9bdc-4eda-9d1b-c69ed4befce9,UNESCO,,,,,,,,,,
2-mailinglist_lifewatch.be_users_2023-11-07,be,vliz,0ede79ac-2e60-4953-9a4a-688ada6431f5,VLIZ Flanders Marine Institute,BE,BEL,Kingdom of Belgium,https://www.iso.org/obp/ui/#iso:code:3166:BE,x,Research institute,Science,https://marineinfo.org/imis?module=institute&insid=36,,
2-mailinglist_lifewatch.be_users_2023-11-07,be,ugent,23e90357-da8a-48aa-abb5-5e437570d50a,Ghent University,BE,BEL,Kingdom of Belgium,https://www.iso.org/obp/ui/#iso:code:3166:BE,x,University,Science,https://marineinfo.org/imis?module=institute&insid=471,,
2-mailinglist_lifewatch.be_users_2023-11-07,be,africamuseum,164ca7ae-5975-4c9f-86e7-f6c93e4fa4b1,RMCA Royal Museum for Central Africa,BE,BEL,Kingdom of Belgium,https://www.iso.org/obp/ui/#iso:code:3166:BE,o,Museum,Science,https://marineinfo.org/imis?module=institute&insid=8576,,
2-mailinglist_lifewatch.be_users_2023-11-07,com,protonmail,ad98285c-5bb0-4414-8598-7fc4fd32585e,personal,,,,https://www.iso.org/obp/ui/#iso:code:3166:XAA,,personal interest,Civil society,,,
2-mailinglist_lifewatch.be_users_2023-11-07,eu,marineboard,c9b4f080-48e7-4e42-935f-91d1ac911a53,European Marine Board,,,,https://www.iso.org/obp/ui/#iso:code:3166:EU,,NGO,Civil society,https://marineinfo.org/imis?module=institute&insid=1441,,
2-mailinglist_lifewatch.be_users_2023-11-07,eu,marineboard,bdaec46b-b9ab-4764-adfb-9b15bbbd7c88,European Marine Board,,,,https://www.iso.org/obp/ui/#iso:code:3166:EU,,NGO,Civil society,https://marineinfo.org/imis?module=institute&insid=1441,,
2-mailinglist_lifewatch.be_users_2023-11-07,be,vliz,da4b2992-1a66-46c5-92ac-dcdd36843c88,VLIZ Flanders Marine Institute,BE,BEL,Kingdom of Belgium,https://www.iso.org/obp/ui/#iso:code:3166:BE,x,Research institute,Science,https://marineinfo.org/imis?module=institute&insid=36,,
2-mailinglist_lifewatch.be_users_2023-11-07,be,vliz,b94e46c3-3148-49f0-80f1-93734c2d1a81,VLIZ Flanders Marine Institute,BE,BEL,Kingdom of Belgium,https://www.iso.org/obp/ui/#iso:code:3166:BE,x,Research institute,Science,https://marineinfo.org/imis?module=institute&insid=36,,
2-mailinglist_lifewatch.be_users_2023-11-07,be,vliz,80faffb8-c243-4179-b639-7b57f97cfb91,VLIZ Flanders Marine Institute,BE,BEL,Kingdom of Belgium,https://www.iso.org/obp/ui/#iso:code:3166:BE,x,Research institute,Science,https://marineinfo.org/imis?module=institute&insid=36,,
2-mailinglist_lifewatch.be_users_2023-11-07,be,vliz,49dbe81f-1f17-4a3a-94cb-b94e70f1e73f,VLIZ Flanders Marine Institute,BE,BEL,Kingdom of Belgium,https://www.iso.org/obp/ui/#iso:code:3166:BE,x,Research institute,Science,https://marineinfo.org/imis?module=institute&insid=36,,
2-mailinglist_lifewatch.be_users_2023-11-07,be,vliz,4cb36dfb-7639-48f9-b744-9caf97fa568d,VLIZ Flanders Marine Institute,BE,BEL,Kingdom of Belgium,https://www.iso.org/obp/ui/#iso:code:3166:BE,x,Research institute,Science,https://marineinfo.org/imis?module=institute&insid=36,,
2-mailinglist_lifewatch.be_users_2023-11-07,be,vliz,643fbb9c-76d9-41ed-a6fb-8444fcc8b6bf,VLIZ Flanders Marine Institute,BE,BEL,Kingdom of Belgium,https://www.iso.org/obp/ui/#iso:code:3166:BE,x,Research institute,Science,https://marineinfo.org/imis?module=institute&insid=36,,
2-mailinglist_lifewatch.be_users_2023-11-07,be,vito,9afe6d5f-79ed-4fea-92b2-273f39f3f367,VITO Vlaamse Instelling voor Technologisch Onderzoek,BE,BEL,Kingdom of Belgium,https://www.iso.org/obp/ui/#iso:code:3166:BE,x,Research institute,Science,https://marineinfo.org/imis?module=institute&insid=138,,
2-mailinglist_lifewatch.be_users_2023-11-07,com,gmail,42d255a1-8d6f-4658-b6e0-3666213016ed,personal,,,,https://www.iso.org/obp/ui/#iso:code:3166:XAA,,personal interest,Civil society,,,
2-mailinglist_lifewatch.be_users_2023-11-07,be,telenet,bfb4a479-8a86-4196-898e-974985b0a6e8,personal,,,,https://www.iso.org/obp/ui/#iso:code:3166:XAA,,personal interest,Civil society,,,
2-mailinglist_lifewatch.be_users_2023-11-07,be,inbo,75f84599-2a71-4009-a7f5-b7b92cc9d2e2,INBO Research Institute for Nature and Forest,BE,BEL,Kingdom of Belgium,https://www.iso.org/obp/ui/#iso:code:3166:BE,x,Research institute,Science,https://marineinfo.org/imis?module=institute&insid=5443,,
2-mailinglist_lifewatch.be_users_2023-11-07,be,vliz,ef84b585-fd52-4cb1-b24d-ab3fae605e17,VLIZ Flanders Marine Institute,BE,BEL,Kingdom of Belgium,https://www.iso.org/obp/ui/#iso:code:3166:BE,x,Research institute,Science,https://marineinfo.org/imis?module=institute&insid=36,,
2-mailinglist_lifewatch.be_users_2023-11-07,com,hotmail,880271a6-3b45-4108-b2f6-0ccf7bdfbfa7,personal,,,,https://www.iso.org/obp/ui/#iso:code:3166:XAA,,personal interest,Civil society,,,
2-mailinglist_lifewatch.be_users_2023-11-07,be,vliz,d56975c9-b3d2-4f8e-9138-bd2bfc1f5fe7,VLIZ Flanders Marine Institute,BE,BEL,Kingdom of Belgium,https://www.iso.org/obp/ui/#iso:code:3166:BE,x,Research institute,Science,https://marineinfo.org/imis?module=institute&insid=36,,
2-mailinglist_lifewatch.be_users_2023-11-07,be,vliz,b7206e03-b3a9-4298-9346-a67315032df4,VLIZ Flanders Marine Institute,BE,BEL,Kingdom of Belgium,https://www.iso.org/obp/ui/#iso:code:3166:BE,x,Research institute,Science,https://marineinfo.org/imis?module=institute&insid=36,,
2-mailinglist_lifewatch.be_users_2023-11-07,it,live,7cbbded1-671e-48bc-a207-de64cf5e6517,personal,,,,https://www.iso.org/obp/ui/#iso:code:3166:XAA,,personal interest,Civil society,,,
2-mailinglist_lifewatch.be_users_2023-11-07,be,inbo,ba6d1334-83f3-4d98-a97d-8d30be9bb69f,INBO Research Institute for Nature and Forest,BE,BEL,Kingdom of Belgium,https://www.iso.org/obp/ui/#iso:code:3166:BE,x,Research institute,Science,https://marineinfo.org/imis?module=institute&insid=5443,,
2-mailinglist_lifewatch.be_users_2023-11-07,be,vliz,b5a048ab-5447-4dc6-95a7-17acb70ffae8,VLIZ Flanders Marine Institute,BE,BEL,Kingdom of Belgium,https://www.iso.org/obp/ui/#iso:code:3166:BE,x,Research institute,Science,https://marineinfo.org/imis?module=institute&insid=36,,
2-mailinglist_lifewatch.be_users_2023-11-07,be,vliz,f29b3673-362e-4c49-b4f8-c6aa5f000db3,VLIZ Flanders Marine Institute,BE,BEL,Kingdom of Belgium,https://www.iso.org/obp/ui/#iso:code:3166:BE,x,Research institute,Science,https://marineinfo.org/imis?module=institute&insid=36,,
2-mailinglist_lifewatch.be_users_2023-11-07,be,inbo,73e4ece8-8d1f-40ed-b39b-60cc5cddc807,INBO Research Institute for Nature and Forest,BE,BEL,Kingdom of Belgium,https://www.iso.org/obp/ui/#iso:code:3166:BE,x,Research institute,Science,https://marineinfo.org/imis?module=institute&insid=5443,,
2-mailinglist_lifewatch.be_users_2023-11-07,be,inbo,a122b7e8-dc90-4f7d-8a83-cec41eec289f,INBO Research Institute for Nature and Forest,BE,BEL,Kingdom of Belgium,https://www.iso.org/obp/ui/#iso:code:3166:BE,x,Research institute,Science,https://marineinfo.org/imis?module=institute&insid=5443,,
2-mailinglist_lifewatch.be_users_2023-11-07,be,INBO,ad603e2b-934a-4b13-90a2-40034bc9a49b,INBO Research Institute for Nature and Forest,BE,BEL,Kingdom of Belgium,https://www.iso.org/obp/ui/#iso:code:3166:BE,x,Research institute,Science,https://marineinfo.org/imis?module=institute&insid=5443,,
2-mailinglist_lifewatch.be_users_2023-11-07,be,inbo,7b3f2d31-d671-493e-8587-4443722953a5,INBO Research Institute for Nature and Forest,BE,BEL,Kingdom of Belgium,https://www.iso.org/obp/ui/#iso:code:3166:BE,x,Research institute,Science,https://marineinfo.org/imis?module=institute&insid=5443,,
2-mailinglist_lifewatch.be_users_2023-11-07,be,inbo,169637d1-d940-4399-a703-63a09fff3694,INBO Research Institute for Nature and Forest,BE,BEL,Kingdom of Belgium,https://www.iso.org/obp/ui/#iso:code:3166:BE,x,Research institute,Science,https://marineinfo.org/imis?module=institute&insid=5443,,
2-mailinglist_lifewatch.be_users_2023-11-07,int,esa,f80aa3e8-0751-4b1a-b16d-8c83191d3981,European Space Agency,,,,https://www.iso.org/obp/ui/#iso:code:3166:EU,,Research institute,Science,https://marineinfo.org/imis?module=institute&insid=6320,,
2-mailinglist_lifewatch.be_users_2023-11-07,be,vlaanderen,adce7332-1416-40db-9ef0-af1671e4299f,Flemish Government,BE,BEL,Kingdom of Belgium,https://www.iso.org/obp/ui/#iso:code:3166:BE,x,Governmental body,Policy,https://marineinfo.org/imis?module=institute&insid=6891,,
2-mailinglist_lifewatch.be_users_2023-11-07,be,fwo,c3c8b8c2-6dab-4569-88ba-57c2edacf769,Research Foundation – Flanders,,,,,,,,,,
2-mailinglist_lifewatch.be_users_2023-11-07,be,vlaanderen,7ccecad7-933b-4485-9b3b-3df44a4a4749,Flemish Government,BE,BEL,Kingdom of Belgium,https://www.iso.org/obp/ui/#iso:code:3166:BE,x,Governmental body,Policy,https://marineinfo.org/imis?module=institute&insid=6891,,
2-mailinglist_lifewatch.be_users_2023-11-07,be,vliz,d64325ab-fb70-4dec-acd5-80d42d3574ee,VLIZ Flanders Marine Institute,BE,BEL,Kingdom of Belgium,https://www.iso.org/obp/ui/#iso:code:3166:BE,x,Research institute,Science,https://marineinfo.org/imis?module=institute&insid=36,,
2-mailinglist_lifewatch.be_users_2023-11-07,au,anuedu,4b1bba32-b4bf-4e2d-a51e-3c806b57983b,Australian National University,AU,AUS,Australia,https://www.iso.org/obp/ui/#iso:code:3166:AU,,University,Science,,,
2-mailinglist_lifewatch.be_users_2023-11-07,br,embrapa,bafb18e3-5905-4687-a396-2fdef6b01e6d,"Brazilian Government, Ministry of Agriculture, Livestock and Food supply, Brazilian Agricultural Research Corporation",BR,BRA,Federative Republic of Brazil,https://www.iso.org/obp/ui/#iso:code:3166:BR,,Governmental body,Policy,,,
2-mailinglist_lifewatch.be_users_2023-11-07,com,icloud,ee023df1-8439-4016-b5a5-8e5d62de8f69,personal,,,,https://www.iso.org/obp/ui/#iso:code:3166:XAA,,personal interest,Civil society,,,
2-mailinglist_lifewatch.be_users_2023-11-07,be,vliz,457800d2-7702-42f6-a5de-6e09cb91b8f7,VLIZ Flanders Marine Institute,BE,BEL,Kingdom of Belgium,https://www.iso.org/obp/ui/#iso:code:3166:BE,x,Research institute,Science,https://marineinfo.org/imis?module=institute&insid=36,,
2-mailinglist_lifewatch.be_users_2023-11-07,be,jardinbotaniquemeise,71a48540-6836-4868-a3d2-42f849a87182,Plantentuin Meise,BE,BEL,Kingdom of Belgium,https://www.iso.org/obp/ui/#iso:code:3166:BE,x,Museum,Science,https://marineinfo.org/imis?module=institute&insid=146,,
2-mailinglist_lifewatch.be_users_2023-11-07,be,naturalsciences,117d1500-b9de-4e50-8b34-067125cbd575,Royal Belgian Institute of Natural Sciences (RBINS),BE,BEL,Kingdom of Belgium,https://www.iso.org/obp/ui/#iso:code:3166:BE,o,Research institute,Science,https://marineinfo.org/imis?module=institute&insid=1883,,
2-mailinglist_lifewatch.be_users_2023-11-07,be,naturalsciences,05078906-19b8-4f40-ab31-4ffed42604f7,Royal Belgian Institute of Natural Sciences (RBINS),BE,BEL,Kingdom of Belgium,https://www.iso.org/obp/ui/#iso:code:3166:BE,o,Research institute,Science,https://marineinfo.org/imis?module=institute&insid=1883,,
2-mailinglist_lifewatch.be_users_2023-11-07,be,vliz,c018ebce-1e5e-4c59-bfb7-568b5bb6358a,VLIZ Flanders Marine Institute,BE,BEL,Kingdom of Belgium,https://www.iso.org/obp/ui/#iso:code:3166:BE,x,Research institute,Science,https://marineinfo.org/imis?module=institute&insid=36,,
2-mailinglist_lifewatch.be_users_2023-11-07,be,vliz,05a0864e-e6e6-425a-b374-a4c0c7501e93,VLIZ Flanders Marine Institute,BE,BEL,Kingdom of Belgium,https://www.iso.org/obp/ui/#iso:code:3166:BE,x,Research institute,Science,https://marineinfo.org/imis?module=institute&insid=36,,
2-mailinglist_lifewatch.be_users_2023-11-07,be,naturalsciences,2348b68d-502c-427e-9f7d-2fe1e9332a85,Royal Belgian Institute of Natural Sciences (RBINS),BE,BEL,Kingdom of Belgium,https://www.iso.org/obp/ui/#iso:code:3166:BE,o,Research institute,Science,https://marineinfo.org/imis?module=institute&insid=1883,,
2-mailinglist_lifewatch.be_users_2023-11-07,be,provincieantwerpen,0b0fbb26-00f6-4db6-97e3-9e05c04df077,Province of Antwerp,BE,BEL,Kingdom of Belgium,https://www.iso.org/obp/ui/#iso:code:3166:BE,x,Governmental body,Policy,https://marineinfo.org/imis?module=institute&insid=5271,,
2-mailinglist_lifewatch.be_users_2023-11-07,be,provincieantwerpen,4ce8e4b3-7503-41f1-b0f6-5bd282d6fb50,Province of Antwerp,BE,BEL,Kingdom of Belgium,https://www.iso.org/obp/ui/#iso:code:3166:BE,x,Governmental body,Policy,https://marineinfo.org/imis?module=institute&insid=5271,,
2-mailinglist_lifewatch.be_users_2023-11-07,be,naturalsciences,eb224f85-9838-480e-bdae-6228bd0fc7b7,Royal Belgian Institute of Natural Sciences (RBINS),BE,BEL,Kingdom of Belgium,https://www.iso.org/obp/ui/#iso:code:3166:BE,o,Research institute,Science,https://marineinfo.org/imis?module=institute&insid=1883,,
2-mailinglist_lifewatch.be_users_2023-11-07,be,naturalsciences,d3834654-230f-45ae-95b9-de99b566f831,Royal Belgian Institute of Natural Sciences (RBINS),BE,BEL,Kingdom of Belgium,https://www.iso.org/obp/ui/#iso:code:3166:BE,o,Research institute,Science,https://marineinfo.org/imis?module=institute&insid=1883,,
2-mailinglist_lifewatch.be_users_2023-11-07,com,gmail,b6264252-0991-4deb-a4f6-a358835a2e86,personal,,,,https://www.iso.org/obp/ui/#iso:code:3166:XAA,,personal interest,Civil society,,,
2-mailinglist_lifewatch.be_users_2023-11-07,be,UGent,d03c3dcd-7142-405f-ae22-afa0c482712b,Ghent University,BE,BEL,Kingdom of Belgium,https://www.iso.org/obp/ui/#iso:code:3166:BE,x,University,Science,https://marineinfo.org/imis?module=institute&insid=471,,
