raw_country,raw_institute,raw_source
be,vliz,2-mailinglist_lifewatch.be_users_2023-11-07
be,naturalsciences,2-mailinglist_lifewatch.be_users_2023-11-07
be,africamuseum,2-mailinglist_lifewatch.be_users_2023-11-07
be,africamuseum,2-mailinglist_lifewatch.be_users_2023-11-07
be,africamuseum,2-mailinglist_lifewatch.be_users_2023-11-07
be,inbo,2-mailinglist_lifewatch.be_users_2023-11-07
be,ulgac,2-mailinglist_lifewatch.be_users_2023-11-07
be,uclouvain,2-mailinglist_lifewatch.be_users_2023-11-07
be,naturalsciences,2-mailinglist_lifewatch.be_users_2023-11-07
nl,deltares,2-mailinglist_lifewatch.be_users_2023-11-07
be,naturalsciences,2-mailinglist_lifewatch.be_users_2023-11-07
be,justfgov,2-mailinglist_lifewatch.be_users_2023-11-07
be,inbo,2-mailinglist_lifewatch.be_users_2023-11-07
be,inbo,2-mailinglist_lifewatch.be_users_2023-11-07
be,inbo,2-mailinglist_lifewatch.be_users_2023-11-07
be,ugent,2-mailinglist_lifewatch.be_users_2023-11-07
be,uliege,2-mailinglist_lifewatch.be_users_2023-11-07
be,ardenne-et-gaume,2-mailinglist_lifewatch.be_users_2023-11-07
be,uhasselt,2-mailinglist_lifewatch.be_users_2023-11-07
be,itg,2-mailinglist_lifewatch.be_users_2023-11-07
be,vliz,2-mailinglist_lifewatch.be_users_2023-11-07
be,vliz,2-mailinglist_lifewatch.be_users_2023-11-07
be,vliz,2-mailinglist_lifewatch.be_users_2023-11-07
be,vliz,2-mailinglist_lifewatch.be_users_2023-11-07
be,vliz,2-mailinglist_lifewatch.be_users_2023-11-07
be,vliz,2-mailinglist_lifewatch.be_users_2023-11-07
be,vliz,2-mailinglist_lifewatch.be_users_2023-11-07
be,vliz,2-mailinglist_lifewatch.be_users_2023-11-07
be,vliz,2-mailinglist_lifewatch.be_users_2023-11-07
be,vliz,2-mailinglist_lifewatch.be_users_2023-11-07
be,vliz,2-mailinglist_lifewatch.be_users_2023-11-07
be,vliz,2-mailinglist_lifewatch.be_users_2023-11-07
be,inbo,2-mailinglist_lifewatch.be_users_2023-11-07
be,inbo,2-mailinglist_lifewatch.be_users_2023-11-07
be,inbo,2-mailinglist_lifewatch.be_users_2023-11-07
be,inbo,2-mailinglist_lifewatch.be_users_2023-11-07
be,inbo,2-mailinglist_lifewatch.be_users_2023-11-07
be,inbo,2-mailinglist_lifewatch.be_users_2023-11-07
be,inbo,2-mailinglist_lifewatch.be_users_2023-11-07
be,UGent,2-mailinglist_lifewatch.be_users_2023-11-07
be,ugent,2-mailinglist_lifewatch.be_users_2023-11-07
be,ugent,2-mailinglist_lifewatch.be_users_2023-11-07
be,UGent,2-mailinglist_lifewatch.be_users_2023-11-07
be,ugent,2-mailinglist_lifewatch.be_users_2023-11-07
be,ugent,2-mailinglist_lifewatch.be_users_2023-11-07
be,biodiversity,2-mailinglist_lifewatch.be_users_2023-11-07
be,biodiversity,2-mailinglist_lifewatch.be_users_2023-11-07
be,biodiversity,2-mailinglist_lifewatch.be_users_2023-11-07
be,uliege,2-mailinglist_lifewatch.be_users_2023-11-07
be,naturalsciences,2-mailinglist_lifewatch.be_users_2023-11-07
be,naturalsciences,2-mailinglist_lifewatch.be_users_2023-11-07
be,naturalsciences,2-mailinglist_lifewatch.be_users_2023-11-07
be,naturalsciences,2-mailinglist_lifewatch.be_users_2023-11-07
be,naturalsciences,2-mailinglist_lifewatch.be_users_2023-11-07
be,uhasselt,2-mailinglist_lifewatch.be_users_2023-11-07
be,ilvovlaanderen,2-mailinglist_lifewatch.be_users_2023-11-07
se,slu,2-mailinglist_lifewatch.be_users_2023-11-07
be,plantentuinmeise,2-mailinglist_lifewatch.be_users_2023-11-07
be,belspo,2-mailinglist_lifewatch.be_users_2023-11-07
com,gmail,2-mailinglist_lifewatch.be_users_2023-11-07
be,uantwerpen,2-mailinglist_lifewatch.be_users_2023-11-07
be,oost-vlaanderen,2-mailinglist_lifewatch.be_users_2023-11-07
be,uclouvain,2-mailinglist_lifewatch.be_users_2023-11-07
be,vito,2-mailinglist_lifewatch.be_users_2023-11-07
org,unesco,2-mailinglist_lifewatch.be_users_2023-11-07
com,gmail,2-mailinglist_lifewatch.be_users_2023-11-07
org,cetaf,2-mailinglist_lifewatch.be_users_2023-11-07
be,ewivlaanderen,2-mailinglist_lifewatch.be_users_2023-11-07
org,unesco,2-mailinglist_lifewatch.be_users_2023-11-07
be,ulbac,2-mailinglist_lifewatch.be_users_2023-11-07
uk,sheffieldac,2-mailinglist_lifewatch.be_users_2023-11-07
be,vliz,2-mailinglist_lifewatch.be_users_2023-11-07
be,vliz,2-mailinglist_lifewatch.be_users_2023-11-07
be,vliz,2-mailinglist_lifewatch.be_users_2023-11-07
be,vliz,2-mailinglist_lifewatch.be_users_2023-11-07
be,vliz,2-mailinglist_lifewatch.be_users_2023-11-07
be,vliz,2-mailinglist_lifewatch.be_users_2023-11-07
com,Lotek,2-mailinglist_lifewatch.be_users_2023-11-07
be,uclouvain,2-mailinglist_lifewatch.be_users_2023-11-07
be,naturalsciences,2-mailinglist_lifewatch.be_users_2023-11-07
be,naturalsciences,2-mailinglist_lifewatch.be_users_2023-11-07
be,inbo,2-mailinglist_lifewatch.be_users_2023-11-07
be,vliz,2-mailinglist_lifewatch.be_users_2023-11-07
be,vliz,2-mailinglist_lifewatch.be_users_2023-11-07
be,naturalsciences,2-mailinglist_lifewatch.be_users_2023-11-07
be,cfwb,2-mailinglist_lifewatch.be_users_2023-11-07
be,spwwallonie,2-mailinglist_lifewatch.be_users_2023-11-07
be,wwf,2-mailinglist_lifewatch.be_users_2023-11-07
be,vliz,2-mailinglist_lifewatch.be_users_2023-11-07
be,naturalsciences,2-mailinglist_lifewatch.be_users_2023-11-07
be,vliz,2-mailinglist_lifewatch.be_users_2023-11-07
be,vliz,2-mailinglist_lifewatch.be_users_2023-11-07
be,vlaanderen,2-mailinglist_lifewatch.be_users_2023-11-07
com,gmail,2-mailinglist_lifewatch.be_users_2023-11-07
be,vliz,2-mailinglist_lifewatch.be_users_2023-11-07
be,vliz,2-mailinglist_lifewatch.be_users_2023-11-07
be,naturalsciences,2-mailinglist_lifewatch.be_users_2023-11-07
be,inbo,2-mailinglist_lifewatch.be_users_2023-11-07
be,naturalsciences,2-mailinglist_lifewatch.be_users_2023-11-07
be,Uantwerpen,2-mailinglist_lifewatch.be_users_2023-11-07
be,kuleuven,2-mailinglist_lifewatch.be_users_2023-11-07
be,aves,2-mailinglist_lifewatch.be_users_2023-11-07
be,vliz,2-mailinglist_lifewatch.be_users_2023-11-07
eu,lifewatch,2-mailinglist_lifewatch.be_users_2023-11-07
be,naturalsciences,2-mailinglist_lifewatch.be_users_2023-11-07
eu,emodnet,2-mailinglist_lifewatch.be_users_2023-11-07
be,naturalsciences,2-mailinglist_lifewatch.be_users_2023-11-07
be,vliz,2-mailinglist_lifewatch.be_users_2023-11-07
be,naturalsciences,2-mailinglist_lifewatch.be_users_2023-11-07
be,uantwerpen,2-mailinglist_lifewatch.be_users_2023-11-07
be,ugent,2-mailinglist_lifewatch.be_users_2023-11-07
be,mil,2-mailinglist_lifewatch.be_users_2023-11-07
be,mil,2-mailinglist_lifewatch.be_users_2023-11-07
be,vliz,2-mailinglist_lifewatch.be_users_2023-11-07
be,vliz,2-mailinglist_lifewatch.be_users_2023-11-07
gr,vetauth,2-mailinglist_lifewatch.be_users_2023-11-07
gr,vetauth,2-mailinglist_lifewatch.be_users_2023-11-07
be,vliz,2-mailinglist_lifewatch.be_users_2023-11-07
com,gmail,2-mailinglist_lifewatch.be_users_2023-11-07
be,naturalsciences,2-mailinglist_lifewatch.be_users_2023-11-07
be,naturalsciences,2-mailinglist_lifewatch.be_users_2023-11-07
be,uhasselt,2-mailinglist_lifewatch.be_users_2023-11-07
be,inbo,2-mailinglist_lifewatch.be_users_2023-11-07
be,ugent,2-mailinglist_lifewatch.be_users_2023-11-07
be,inbo,2-mailinglist_lifewatch.be_users_2023-11-07
be,natagora,2-mailinglist_lifewatch.be_users_2023-11-07
be,ugent,2-mailinglist_lifewatch.be_users_2023-11-07
be,ugent,2-mailinglist_lifewatch.be_users_2023-11-07
com,gmail,2-mailinglist_lifewatch.be_users_2023-11-07
be,ugent,2-mailinglist_lifewatch.be_users_2023-11-07
be,ugent,2-mailinglist_lifewatch.be_users_2023-11-07
be,ugent,2-mailinglist_lifewatch.be_users_2023-11-07
be,inbo,2-mailinglist_lifewatch.be_users_2023-11-07
be,ugent,2-mailinglist_lifewatch.be_users_2023-11-07
be,inbo,2-mailinglist_lifewatch.be_users_2023-11-07
nl,wur,2-mailinglist_lifewatch.be_users_2023-11-07
be,inbo,2-mailinglist_lifewatch.be_users_2023-11-07
be,ugent,2-mailinglist_lifewatch.be_users_2023-11-07
be,ugent,2-mailinglist_lifewatch.be_users_2023-11-07
be,ulgac,2-mailinglist_lifewatch.be_users_2023-11-07
be,inbo,2-mailinglist_lifewatch.be_users_2023-11-07
be,ugent,2-mailinglist_lifewatch.be_users_2023-11-07
be,uhasselt,2-mailinglist_lifewatch.be_users_2023-11-07
be,ugent,2-mailinglist_lifewatch.be_users_2023-11-07
com,gmail,2-mailinglist_lifewatch.be_users_2023-11-07
nl,derijkenoordzee,2-mailinglist_lifewatch.be_users_2023-11-07
eu,lifewatch,2-mailinglist_lifewatch.be_users_2023-11-07
eu,lifewatch,2-mailinglist_lifewatch.be_users_2023-11-07
be,ilvovlaanderen,2-mailinglist_lifewatch.be_users_2023-11-07
nl,derijkenoordzee,2-mailinglist_lifewatch.be_users_2023-11-07
be,africamuseum,2-mailinglist_lifewatch.be_users_2023-11-07
com,hotmail,2-mailinglist_lifewatch.be_users_2023-11-07
org,unesco,2-mailinglist_lifewatch.be_users_2023-11-07
be,vliz,2-mailinglist_lifewatch.be_users_2023-11-07
be,ugent,2-mailinglist_lifewatch.be_users_2023-11-07
be,africamuseum,2-mailinglist_lifewatch.be_users_2023-11-07
com,protonmail,2-mailinglist_lifewatch.be_users_2023-11-07
eu,marineboard,2-mailinglist_lifewatch.be_users_2023-11-07
eu,marineboard,2-mailinglist_lifewatch.be_users_2023-11-07
be,vliz,2-mailinglist_lifewatch.be_users_2023-11-07
be,vliz,2-mailinglist_lifewatch.be_users_2023-11-07
be,vliz,2-mailinglist_lifewatch.be_users_2023-11-07
be,vliz,2-mailinglist_lifewatch.be_users_2023-11-07
be,vliz,2-mailinglist_lifewatch.be_users_2023-11-07
be,vliz,2-mailinglist_lifewatch.be_users_2023-11-07
be,vito,2-mailinglist_lifewatch.be_users_2023-11-07
com,gmail,2-mailinglist_lifewatch.be_users_2023-11-07
be,telenet,2-mailinglist_lifewatch.be_users_2023-11-07
be,inbo,2-mailinglist_lifewatch.be_users_2023-11-07
be,vliz,2-mailinglist_lifewatch.be_users_2023-11-07
com,hotmail,2-mailinglist_lifewatch.be_users_2023-11-07
be,vliz,2-mailinglist_lifewatch.be_users_2023-11-07
be,vliz,2-mailinglist_lifewatch.be_users_2023-11-07
it,live,2-mailinglist_lifewatch.be_users_2023-11-07
be,inbo,2-mailinglist_lifewatch.be_users_2023-11-07
be,vliz,2-mailinglist_lifewatch.be_users_2023-11-07
be,vliz,2-mailinglist_lifewatch.be_users_2023-11-07
be,inbo,2-mailinglist_lifewatch.be_users_2023-11-07
be,inbo,2-mailinglist_lifewatch.be_users_2023-11-07
be,INBO,2-mailinglist_lifewatch.be_users_2023-11-07
be,inbo,2-mailinglist_lifewatch.be_users_2023-11-07
be,inbo,2-mailinglist_lifewatch.be_users_2023-11-07
int,esa,2-mailinglist_lifewatch.be_users_2023-11-07
be,vlaanderen,2-mailinglist_lifewatch.be_users_2023-11-07
be,fwo,2-mailinglist_lifewatch.be_users_2023-11-07
be,vlaanderen,2-mailinglist_lifewatch.be_users_2023-11-07
be,vliz,2-mailinglist_lifewatch.be_users_2023-11-07
au,anuedu,2-mailinglist_lifewatch.be_users_2023-11-07
br,embrapa,2-mailinglist_lifewatch.be_users_2023-11-07
com,icloud,2-mailinglist_lifewatch.be_users_2023-11-07
be,vliz,2-mailinglist_lifewatch.be_users_2023-11-07
be,jardinbotaniquemeise,2-mailinglist_lifewatch.be_users_2023-11-07
be,naturalsciences,2-mailinglist_lifewatch.be_users_2023-11-07
be,naturalsciences,2-mailinglist_lifewatch.be_users_2023-11-07
be,vliz,2-mailinglist_lifewatch.be_users_2023-11-07
be,vliz,2-mailinglist_lifewatch.be_users_2023-11-07
be,naturalsciences,2-mailinglist_lifewatch.be_users_2023-11-07
be,provincieantwerpen,2-mailinglist_lifewatch.be_users_2023-11-07
be,provincieantwerpen,2-mailinglist_lifewatch.be_users_2023-11-07
be,naturalsciences,2-mailinglist_lifewatch.be_users_2023-11-07
be,naturalsciences,2-mailinglist_lifewatch.be_users_2023-11-07
com,gmail,2-mailinglist_lifewatch.be_users_2023-11-07
be,UGent,2-mailinglist_lifewatch.be_users_2023-11-07
