source,raw_institute,user_identifier,stand_institute,country_alpha2,country_alpha3,country_official_name,country_url,flemish,group,qh,MarineInfo_ID,ROR_ID,local_ID
4-datarequest_users_2023_11_07,vlaamse milieu maatschappij,bebe2717-157e-4f69-8abe-4bbf375a6e05,,,,,,,,,,,
4-datarequest_users_2023_11_07,ilvo,6c18dfdb-1952-4386-8db0-32a721d3b095,"ILVO Flanders Research Institute for Agriculture, Fisheries and Food",BE,BEL,Kingdom of Belgium,https://www.iso.org/obp/ui/#iso:code:3166:BE,x,Research institute,Science,https://marineinfo.org/imis?module=institute&insid=5442,,
4-datarequest_users_2023_11_07,"ilvo, ugent (marbiol)",449b3b1e-564f-4026-8927-24cabed5c6b5,,,,,,,,,,,
4-datarequest_users_2023_11_07,ulb,e0303eb4-4a35-4e6d-b133-176abe68683d,Free University of Brussels (VUB),BE,BEL,Kingdom of Belgium,https://www.iso.org/obp/ui/#iso:code:3166:BE,o,University,Science,https://marineinfo.org/imis?module=institute&insid=2956,,
4-datarequest_users_2023_11_07,uantwerpen,114b943a-6bfe-4d7d-944e-5ad00ccaf34e,University of Antwerp,BE,BEL,Kingdom of Belgium,https://www.iso.org/obp/ui/#iso:code:3166:BE,x,University,Science,https://marineinfo.org/imis?module=institute&insid=4538,,
4-datarequest_users_2023_11_07,Natural History Museum Rijeka,c782c652-e94d-4647-ba73-619c1ea630db,,,,,,,,,,,
4-datarequest_users_2023_11_07,ugent (marbiol),d9ff8a88-be5b-49de-b94b-3c40d5d2a547,,,,,,,,,,,
4-datarequest_users_2023_11_07,Royal Belgian institute of natural sciences,4cc46831-c206-4e17-b434-7c8555e1303f,RBINS Royal Belgian Institute of Natural Sciences (RBINS),,,,,,,,,,
4-datarequest_users_2023_11_07,vliz,4269e6a4-2a9a-4770-a036-938a533db736,VLIZ Flanders Marine Institute,BE,BEL,Kingdom of Belgium,https://www.iso.org/obp/ui/#iso:code:3166:BE,x,Research institute,Science,https://marineinfo.org/imis?module=institute&insid=36,,
4-datarequest_users_2023_11_07,"ugent, De WaterGroep, Pollet Water Group, VITO",cec564bf-5f5e-4e5d-bf43-06690612e38c,,,,,,,,,,,
4-datarequest_users_2023_11_07,VITO,2ad4b9f7-131e-43de-a667-f3b8c46324bb,VITO Vlaamse Instelling voor Technologisch Onderzoek,BE,BEL,Kingdom of Belgium,https://www.iso.org/obp/ui/#iso:code:3166:BE,x,Research institute,Science,https://marineinfo.org/imis?module=institute&insid=138,,
4-datarequest_users_2023_11_07,De WaterGroep,edeca625-1aa8-49fa-854f-fbb16cf6ab64,,,,,,,,,,,
4-datarequest_users_2023_11_07,Pollet Water Group,d0ebeca8-d391-494c-a05b-64efc3d46f2b,,,,,,,,,,,
4-datarequest_users_2023_11_07,Energyville,529c1be9-8c0e-4a88-8396-9e0f77d6a83d,,,,,,,,,,,
4-datarequest_users_2023_11_07,XANT,5ef851df-c182-4492-b355-4530ddd2b523,,,,,,,,,,,
4-datarequest_users_2023_11_07,Ifremer,87e5b119-fb8d-4ead-a697-5f36090b98ed,IFREMER - DYNECO (Unité Dynamiques des Ecosystèmes Côtiers),,,,,,,,,,
4-datarequest_users_2023_11_07,Royal Belgian Institute of Natural Sciences (REMSEM team),293937fa-af77-40ad-8589-229361943eb3,,,,,,,,,,,
4-datarequest_users_2023_11_07,ilvo (Aquaculture),cb2696c1-6635-4782-901a-00ea70e2f5fe,,,,,,,,,,,
4-datarequest_users_2023_11_07,Instituto español de oceanografía (IEO) CC Gijón,6cf9b469-04d1-4862-989c-6cb59cce3ffa,,,,,,,,,,,
4-datarequest_users_2023_11_07,ulb (Laboratoire d'Ecologie des systèmes aquatiques),1796cab1-3cae-4f0e-85ed-d2636c0c952a,,,,,,,,,,,
4-datarequest_users_2023_11_07,University of Cape Town,f162883d-1c42-44d2-9fab-c3dfacf300f9,,,,,,,,,,,
4-datarequest_users_2023_11_07,"embl, embrc",461ad819-6bd1-408c-8555-d05ed8cc4a3f,,,,,,,,,,,
4-datarequest_users_2023_11_07,student mbo,1b684a1b-8d72-44ae-a3cd-6bfa789ab86f,,,,,,,,,,,
4-datarequest_users_2023_11_07,Møreforsking AS,d94af299-7246-495a-85ae-ef7e5bf93035,,,,,,,,,,,
4-datarequest_users_2023_11_07,vito,e2c629a0-3fb3-4b39-86e6-c215d630f0aa,VITO Vlaamse Instelling voor Technologisch Onderzoek,BE,BEL,Kingdom of Belgium,https://www.iso.org/obp/ui/#iso:code:3166:BE,x,Research institute,Science,https://marineinfo.org/imis?module=institute&insid=138,,
4-datarequest_users_2023_11_07,vliz,d2d56a30-6cd6-4786-b5c7-e285abd1b946,VLIZ Flanders Marine Institute,BE,BEL,Kingdom of Belgium,https://www.iso.org/obp/ui/#iso:code:3166:BE,x,Research institute,Science,https://marineinfo.org/imis?module=institute&insid=36,,
4-datarequest_users_2023_11_07,uantwerpen,3a195316-47c1-4760-abf4-0d558146ae28,University of Antwerp,BE,BEL,Kingdom of Belgium,https://www.iso.org/obp/ui/#iso:code:3166:BE,x,University,Science,https://marineinfo.org/imis?module=institute&insid=4538,,
4-datarequest_users_2023_11_07,ugent,48845a9b-7d7d-4f5f-8832-fba55de6b3ec,Ghent University,BE,BEL,Kingdom of Belgium,https://www.iso.org/obp/ui/#iso:code:3166:BE,x,University,Science,https://marineinfo.org/imis?module=institute&insid=471,,
4-datarequest_users_2023_11_07,Ca Foscari university venice,74bca5d5-c9f3-4c03-89a8-f2743f537cb2,,,,,,,,,,,
4-datarequest_users_2023_11_07,student,9d80ceaa-ce17-40cc-b362-76619a202623,,,,,,,,,,,
4-datarequest_users_2023_11_07,ugent,d614d49e-48cf-4b33-aaae-3a0533c36629,Ghent University,BE,BEL,Kingdom of Belgium,https://www.iso.org/obp/ui/#iso:code:3166:BE,x,University,Science,https://marineinfo.org/imis?module=institute&insid=471,,
4-datarequest_users_2023_11_07,Universidad Complutense de Madrid,10988596-6540-41a8-abf2-dfd3114028fa,,,,,,,,,,,
4-datarequest_users_2023_11_07,Museu de Historia Natural do Funchal,2bc0fc9c-02bd-4614-9f1f-9923c4e40a1b,,,,,,,,,,,
4-datarequest_users_2023_11_07,unesco,8b01e14e-154f-44ad-a879-640265892f81,UNESCO,,,,,,,,,,
4-datarequest_users_2023_11_07,Belgian Navy,b3308511-bb3b-4ffc-b206-5ef4efa56a78,,,,,,,,,,,
4-datarequest_users_2023_11_07,ugent,de984ef1-950f-4f81-9fa3-bfb1a5541513,Ghent University,BE,BEL,Kingdom of Belgium,https://www.iso.org/obp/ui/#iso:code:3166:BE,x,University,Science,https://marineinfo.org/imis?module=institute&insid=471,,
4-datarequest_users_2023_11_07,defensie,57b3f467-cc33-4454-93c1-fe3a4a67d5dd,Defensie,BE,BEL,Kingdom of Belgium,https://www.iso.org/obp/ui/#iso:code:3166:BE,o,Defence,Policy,https://marineinfo.org/imis?module=institute&insid=14103,,
4-datarequest_users_2023_11_07,kuleuven,107a2376-ca4a-4bc7-8056-7f3585b9a1ee,Catholique University of Louvain,BE,BEL,Kingdom of Belgium,https://www.iso.org/obp/ui/#iso:code:3166:BE,x,University,Science,https://marineinfo.org/imis?module=institute&insid=12102,,
4-datarequest_users_2023_11_07,student imbrsea,b6c57224-e97f-4e40-b6e3-11f7bee5c670,,,,,,,,,,,
4-datarequest_users_2023_11_07,personal,a61acc51-607e-4b0a-ae2d-1552caca4183,personal,,,,https://www.iso.org/obp/ui/#iso:code:3166:XAA,,personal interest,Civil society,,,
4-datarequest_users_2023_11_07,vliz,48cdcf89-c28f-4b2a-ba7d-724de0219775,VLIZ Flanders Marine Institute,BE,BEL,Kingdom of Belgium,https://www.iso.org/obp/ui/#iso:code:3166:BE,x,Research institute,Science,https://marineinfo.org/imis?module=institute&insid=36,,
4-datarequest_users_2023_11_07,HoGent (Agro- en Biotechnologie),a10ccaf4-e21c-447e-afe7-22800d0a777d,,,,,,,,,,,
4-datarequest_users_2023_11_07,deltares,665daecc-3dca-403e-b030-65becf3c5868,Deltares,NL,NLD,Kingdom of the Netherlands,https://www.iso.org/obp/ui/#iso:code:3166:NL,,Company,Industry,https://marineinfo.org/imis?module=institute&insid=8811,,
4-datarequest_users_2023_11_07,vliz,5e8ff47d-a925-4d95-8d9f-774b29b35d36,VLIZ Flanders Marine Institute,BE,BEL,Kingdom of Belgium,https://www.iso.org/obp/ui/#iso:code:3166:BE,x,Research institute,Science,https://marineinfo.org/imis?module=institute&insid=36,,
4-datarequest_users_2023_11_07,Natural History Museum - Florence University,1788e13b-9e04-4263-8100-464d7260ff47,,,,,,,,,,,
4-datarequest_users_2023_11_07,ulb,3d5625a5-e042-4be1-abf1-594e5285bb02,Free University of Brussels (VUB),BE,BEL,Kingdom of Belgium,https://www.iso.org/obp/ui/#iso:code:3166:BE,o,University,Science,https://marineinfo.org/imis?module=institute&insid=2956,,
4-datarequest_users_2023_11_07,Intercommunale Kustreddingsdienst West-Vlaanderen,674d5f88-9690-4715-9686-7758d8afb3b2,,,,,,,,,,,
4-datarequest_users_2023_11_07,vliz,b488fe0b-e28f-438c-adad-97a344277f71,VLIZ Flanders Marine Institute,BE,BEL,Kingdom of Belgium,https://www.iso.org/obp/ui/#iso:code:3166:BE,x,Research institute,Science,https://marineinfo.org/imis?module=institute&insid=36,,
4-datarequest_users_2023_11_07,naturalsciences,c82a528a-b186-4389-9500-05820ce96867,Royal Belgian Institute of Natural Sciences (RBINS),BE,BEL,Kingdom of Belgium,https://www.iso.org/obp/ui/#iso:code:3166:BE,o,Research institute,Science,https://marineinfo.org/imis?module=institute&insid=1883,,
4-datarequest_users_2023_11_07,personal,e79a252c-dcf6-4d44-8724-88756db2185e,personal,,,,https://www.iso.org/obp/ui/#iso:code:3166:XAA,,personal interest,Civil society,,,
4-datarequest_users_2023_11_07,student imbrcsea,ad0ce791-4f3a-4da5-a733-8bb4bcddac17,,,,,,,,,,,
4-datarequest_users_2023_11_07,Sea Matters (BVBA),09f9ed41-1989-48ba-9ef8-2e804baf2f2c,,,,,,,,,,,
4-datarequest_users_2023_11_07,Jan De Nul,79b1ecc6-42fd-420b-a128-b31c0ddc98b2,Jan De Nul Group,BE,BEL,Kingdom of Belgium,https://www.iso.org/obp/ui/#iso:code:3166:BE,x,Company,Industry,https://marineinfo.org/imis?module=institute&insid=240,,
4-datarequest_users_2023_11_07,IMDC,eba32f3f-7b0f-424a-bb41-253d68b7ddff,IMDC,BE,BEL,Kingdom of Belgium,https://www.iso.org/obp/ui/#iso:code:3166:BE,x,Consultancy,Industry,https://marineinfo.org/imis?module=institute&insid=777,,
4-datarequest_users_2023_11_07,vito,0ea4d6af-ad05-4e31-85b7-830a793da9de,VITO Vlaamse Instelling voor Technologisch Onderzoek,BE,BEL,Kingdom of Belgium,https://www.iso.org/obp/ui/#iso:code:3166:BE,x,Research institute,Science,https://marineinfo.org/imis?module=institute&insid=138,,
4-datarequest_users_2023_11_07,University of Aveiro,4291fb38-3ddf-4699-93af-85d32beb2528,University of Aveiro,PT,PRT,Portuguese Republic,https://www.iso.org/obp/ui/#iso:code:3166:PT,,University,Science,https://marineinfo.org/imis?module=institute&insid=5421,,
4-datarequest_users_2023_11_07,CNRS,f9b601de-2bdb-4aac-9d49-908e8ec1fd0b,CNRS,FR,FRA,French Republic,https://www.iso.org/obp/ui/#iso:code:3166:FR,,Research institute,Science,https://marineinfo.org/imis?module=institute&insid=8395,,
4-datarequest_users_2023_11_07,biotope-environnement,7b992ddd-f15c-4ad1-a6fe-5e834a2b0407,,,,,,,,,,,
4-datarequest_users_2023_11_07,personal,3e56d1d3-1277-4b71-b49d-cf7ceb6944a5,personal,,,,https://www.iso.org/obp/ui/#iso:code:3166:XAA,,personal interest,Civil society,,,
4-datarequest_users_2023_11_07,ilvo,0d6f52ce-a57b-4659-8751-65bfdbfd2471,"ILVO Flanders Research Institute for Agriculture, Fisheries and Food",BE,BEL,Kingdom of Belgium,https://www.iso.org/obp/ui/#iso:code:3166:BE,x,Research institute,Science,https://marineinfo.org/imis?module=institute&insid=5442,,
4-datarequest_users_2023_11_07,CSIC,e1fdb632-55a2-40d7-aa00-e613723dc3b6,CSIC (Consejo Superior de Investigaciones Científicas),,,,,,,,,,
4-datarequest_users_2023_11_07,UN Environment Programme - World Conservation Monitoring Centre,03b67307-14ea-40e1-93b9-815470562cc2,,,,,,,,,,,
4-datarequest_users_2023_11_07,ugent,ea793394-88ad-44ff-87b2-85a87db04661,Ghent University,BE,BEL,Kingdom of Belgium,https://www.iso.org/obp/ui/#iso:code:3166:BE,x,University,Science,https://marineinfo.org/imis?module=institute&insid=471,,
4-datarequest_users_2023_11_07,ugent,37d5272e-8054-4f99-9ffe-6acbb2a15749,Ghent University,BE,BEL,Kingdom of Belgium,https://www.iso.org/obp/ui/#iso:code:3166:BE,x,University,Science,https://marineinfo.org/imis?module=institute&insid=471,,
4-datarequest_users_2023_11_07,University of Salento,818f1d0b-419e-4dbb-af87-4ae345b589aa,University of Salento,IT,ITA,Italian Republic,https://www.iso.org/obp/ui/#iso:code:3166:IT,,University,Science,https://marineinfo.org/imis?module=institute&insid=9076,,
4-datarequest_users_2023_11_07,Brevisco BVBA,33b20738-fb04-4c83-b49e-70cc125d8156,Brevisco BVBA,BE,BEL,Kingdom of Belgium,https://www.iso.org/obp/ui/#iso:code:3166:BE,x,Company,Industry,https://marineinfo.org/imis?module=institute&insid=8595,,
4-datarequest_users_2023_11_07,sioen,eb113400-38ae-4d72-8e37-9bbe4d655400,Sioen industries,BE,BEL,Kingdom of Belgium,https://www.iso.org/obp/ui/#iso:code:3166:BE,x,Company,Industry,https://marineinfo.org/imis?module=institute&insid=12195,,
4-datarequest_users_2023_11_07,Antwerp Maritime Academy,d2749485-f9ac-4c77-a371-ef3f947d2ff0,Antwerp Maritime Academy (HZS),BE,BEL,Kingdom of Belgium,https://www.iso.org/obp/ui/#iso:code:3166:BE,x,University,Science,https://marineinfo.org/imis?module=institute&insid=3260,,
4-datarequest_users_2023_11_07,"ugent - Faculty of Veterinary Medicine - Department of Pathology, Bacteriology and Avian Diseases",583151a5-0dc5-41fa-841d-fa1dbc5256a1,,,,,,,,,,,
4-datarequest_users_2023_11_07,personal,ee552fe7-2cdc-40f0-afcd-bb5913a67d1a,personal,,,,https://www.iso.org/obp/ui/#iso:code:3166:XAA,,personal interest,Civil society,,,
4-datarequest_users_2023_11_07,De Blauwe Cluster VZW,dd0e8776-689e-4ef1-976c-e1065223f229,,,,,,,,,,,
4-datarequest_users_2023_11_07,Aquacultuur Oostende,8fbed9a8-fb15-4f33-8a12-d2a20ca9ffd3,Aquacultuur Oostende BVBA,BE,BEL,Kingdom of Belgium,https://www.iso.org/obp/ui/#iso:code:3166:BE,x,Company,Industry,,,
4-datarequest_users_2023_11_07,personal,532592b1-779d-480b-914d-884140b4ba81,personal,,,,https://www.iso.org/obp/ui/#iso:code:3166:XAA,,personal interest,Civil society,,,
4-datarequest_users_2023_11_07,EPAA,57a4e0d3-362c-4f47-ac8b-8f287736ab03,,,,,,,,,,,
4-datarequest_users_2023_11_07,edf,e74845a2-71b1-4fad-8d48-fe660a71786b,,,,,,,,,,,
4-datarequest_users_2023_11_07,kuleuven,73d2b793-7189-4899-88d4-6bc0bf2e90cb,Catholique University of Louvain,BE,BEL,Kingdom of Belgium,https://www.iso.org/obp/ui/#iso:code:3166:BE,x,University,Science,https://marineinfo.org/imis?module=institute&insid=12102,,
4-datarequest_users_2023_11_07,ulb,2aa099f2-a365-4bd0-8128-01798dfaf545,Free University of Brussels (VUB),BE,BEL,Kingdom of Belgium,https://www.iso.org/obp/ui/#iso:code:3166:BE,o,University,Science,https://marineinfo.org/imis?module=institute&insid=2956,,
4-datarequest_users_2023_11_07,Hogere Zeevaartschool Antwerpen,b8d92deb-95f9-4f5b-9f2b-a77885c008af,Antwerp Maritime Academy (HZS),BE,BEL,Kingdom of Belgium,https://www.iso.org/obp/ui/#iso:code:3166:BE,x,University,Science,https://marineinfo.org/imis?module=institute&insid=3260,,
4-datarequest_users_2023_11_07,sirris,78ba64ec-fdf2-4638-9972-eec4ece78620,Sirris,BE,BEL,Kingdom of Belgium,https://www.iso.org/obp/ui/#iso:code:3166:BE,o,Non-profit organization,Civil society,https://marineinfo.org/imis?module=institute&insid=8503,,
4-datarequest_users_2023_11_07,ugent,fd432bd4-5f2f-486a-b45f-d350fc1e78b5,Ghent University,BE,BEL,Kingdom of Belgium,https://www.iso.org/obp/ui/#iso:code:3166:BE,x,University,Science,https://marineinfo.org/imis?module=institute&insid=471,,
4-datarequest_users_2023_11_07,ugent,c7620b75-f5a2-4845-aaa2-5846c9ad3f56,Ghent University,BE,BEL,Kingdom of Belgium,https://www.iso.org/obp/ui/#iso:code:3166:BE,x,University,Science,https://marineinfo.org/imis?module=institute&insid=471,,
4-datarequest_users_2023_11_07,personal,7873585d-7358-423a-8ddd-bc6f2710181b,personal,,,,https://www.iso.org/obp/ui/#iso:code:3166:XAA,,personal interest,Civil society,,,
4-datarequest_users_2023_11_07,personal,35b80601-a182-460f-b4e4-5bbae534748c,personal,,,,https://www.iso.org/obp/ui/#iso:code:3166:XAA,,personal interest,Civil society,,,
4-datarequest_users_2023_11_07,"Museum of the Sea - Gallipoli , Apulia",49f84c2a-d49e-420b-acdf-e0106deec961,,,,,,,,,,,
4-datarequest_users_2023_11_07,Instituto español de oceanografíia . CC Gijón,6a786676-a39e-4634-8a21-b7a5cb59eae7,,,,,,,,,,,
4-datarequest_users_2023_11_07,vlakwa,a8131a95-28e7-4078-92f5-cf06a1f4cbf5,,,,,,,,,,,
4-datarequest_users_2023_11_07,Station biologique de Roscoff,0ddc6a64-e5b8-430a-892a-ccdfa9f323bb,Station Biologique de Roscoff,,,,,,,,,,
4-datarequest_users_2023_11_07,Universidade de Aveiro,395f564a-9ca5-4aeb-84b2-e792e1d41368,,,,,,,,,,,
4-datarequest_users_2023_11_07,Universidad de Concepción,82478b8a-f6ea-474d-920b-0cc04f32a078,,,,,,,,,,,
4-datarequest_users_2023_11_07,defensie,9efd7d17-3595-4f93-ad86-be5c93e66e41,Defensie,BE,BEL,Kingdom of Belgium,https://www.iso.org/obp/ui/#iso:code:3166:BE,o,Defence,Policy,https://marineinfo.org/imis?module=institute&insid=14103,,
4-datarequest_users_2023_11_07,sirris,8dcd5516-30bc-4eca-8d15-407a7f0b1f26,Sirris,BE,BEL,Kingdom of Belgium,https://www.iso.org/obp/ui/#iso:code:3166:BE,o,Non-profit organization,Civil society,https://marineinfo.org/imis?module=institute&insid=8503,,
4-datarequest_users_2023_11_07,ilvo,a089e0ec-e60c-4d97-9e84-010e2f12483b,"ILVO Flanders Research Institute for Agriculture, Fisheries and Food",BE,BEL,Kingdom of Belgium,https://www.iso.org/obp/ui/#iso:code:3166:BE,x,Research institute,Science,https://marineinfo.org/imis?module=institute&insid=5442,,
4-datarequest_users_2023_11_07,student,9cd0233b-03f8-4134-8b60-11b20f4c4c9d,,,,,,,,,,,
4-datarequest_users_2023_11_07,ilvo,2adf4dc4-a571-4d5d-88b1-d3141ff90bbd,"ILVO Flanders Research Institute for Agriculture, Fisheries and Food",BE,BEL,Kingdom of Belgium,https://www.iso.org/obp/ui/#iso:code:3166:BE,x,Research institute,Science,https://marineinfo.org/imis?module=institute&insid=5442,,
4-datarequest_users_2023_11_07,Holland-Amrica Line,c46b6f4c-4e6b-4925-8cd4-de1ba486dfea,,,,,,,,,,,
4-datarequest_users_2023_11_07,bosaq,341d3b79-561f-4222-ad0b-c9ccd34eb5f8,,,,,,,,,,,
4-datarequest_users_2023_11_07,personal,66b951bf-6732-46f0-a1de-0001b03dca8e,personal,,,,https://www.iso.org/obp/ui/#iso:code:3166:XAA,,personal interest,Civil society,,,
4-datarequest_users_2023_11_07,vliz,058a3627-8032-4c43-9f4e-45d0010cef3b,VLIZ Flanders Marine Institute,BE,BEL,Kingdom of Belgium,https://www.iso.org/obp/ui/#iso:code:3166:BE,x,Research institute,Science,https://marineinfo.org/imis?module=institute&insid=36,,
4-datarequest_users_2023_11_07,vliz,ae9d02da-ef51-4ec2-b640-1928a1c28f68,VLIZ Flanders Marine Institute,BE,BEL,Kingdom of Belgium,https://www.iso.org/obp/ui/#iso:code:3166:BE,x,Research institute,Science,https://marineinfo.org/imis?module=institute&insid=36,,
4-datarequest_users_2023_11_07,personal,4632469c-0ede-4bc0-9d48-f49b9a3135c4,personal,,,,https://www.iso.org/obp/ui/#iso:code:3166:XAA,,personal interest,Civil society,,,
4-datarequest_users_2023_11_07,ugent,c7747334-638f-4622-a80d-845c07d0d5ab,Ghent University,BE,BEL,Kingdom of Belgium,https://www.iso.org/obp/ui/#iso:code:3166:BE,x,University,Science,https://marineinfo.org/imis?module=institute&insid=471,,
4-datarequest_users_2023_11_07,ilvo,66dda099-3b7d-4b81-8a16-e4d704aecc9f,"ILVO Flanders Research Institute for Agriculture, Fisheries and Food",BE,BEL,Kingdom of Belgium,https://www.iso.org/obp/ui/#iso:code:3166:BE,x,Research institute,Science,https://marineinfo.org/imis?module=institute&insid=5442,,
4-datarequest_users_2023_11_07,Institut National de Recherche Halieutique (INRH),c06bb62b-82b0-4d35-933e-4a8266d97121,Institut National de Recherche Halieutique (INRH),MA,MAR,Kingdom of Morocco,https://www.iso.org/obp/ui/#iso:code:3166:MA,,Research institute,Science,https://marineinfo.org/imis?module=institute&insid=5901,,
4-datarequest_users_2023_11_07,HoGent,25756166-113e-4523-950b-5f815d49118f,,,,,,,,,,,
4-datarequest_users_2023_11_07,FCUP (Faculdade de Ciências da Universidade do Porto),676cab61-8aea-40bc-bd77-b57319b652b0,,,,,,,,,,,
4-datarequest_users_2023_11_07,ioc-sealevelmonitoring ~ unesco,1eedf793-2814-4df2-a34c-179ec7751292,,,,,,,,,,,
4-datarequest_users_2023_11_07,ugent,ba6041db-c17b-44af-9715-1b4efa72c2dc,Ghent University,BE,BEL,Kingdom of Belgium,https://www.iso.org/obp/ui/#iso:code:3166:BE,x,University,Science,https://marineinfo.org/imis?module=institute&insid=471,,
4-datarequest_users_2023_11_07,vliz,b80e2dda-7207-4e16-88dc-28853dc04b70,VLIZ Flanders Marine Institute,BE,BEL,Kingdom of Belgium,https://www.iso.org/obp/ui/#iso:code:3166:BE,x,Research institute,Science,https://marineinfo.org/imis?module=institute&insid=36,,
4-datarequest_users_2023_11_07,personal,5959c6ac-02c7-49f3-b2f1-40acff2c25d5,personal,,,,https://www.iso.org/obp/ui/#iso:code:3166:XAA,,personal interest,Civil society,,,
4-datarequest_users_2023_11_07,personal,635540eb-1eb7-43be-865f-2ca813f9a9a6,personal,,,,https://www.iso.org/obp/ui/#iso:code:3166:XAA,,personal interest,Civil society,,,
4-datarequest_users_2023_11_07,"dalhousie university, Canada",3b3832f2-cef6-40ad-a333-63c4a0383bc8,,,,,,,,,,,
4-datarequest_users_2023_11_07,personal,b6c39d97-c999-486d-a5e8-3763e76f8c00,personal,,,,https://www.iso.org/obp/ui/#iso:code:3166:XAA,,personal interest,Civil society,,,
4-datarequest_users_2023_11_07,mnhn,86c51c16-c6dc-44c3-b185-14cf03c8bd38,MNHN National Museum of Natural History,FR,FRA,French Republic,https://www.iso.org/obp/ui/#iso:code:3166:FR,,Museum,Science,https://marineinfo.org/imis?module=institute&insid=4397,,
4-datarequest_users_2023_11_07,personal,27bbad00-66ad-43ea-a216-4a10500461aa,personal,,,,https://www.iso.org/obp/ui/#iso:code:3166:XAA,,personal interest,Civil society,,,
4-datarequest_users_2023_11_07,university of giorgia,e2aa3c32-127e-4a13-b6cc-ed7eb039a91c,,,,,,,,,,,
4-datarequest_users_2023_11_07,vliz,de36044d-8a76-4076-8ee8-363b73d3752b,VLIZ Flanders Marine Institute,BE,BEL,Kingdom of Belgium,https://www.iso.org/obp/ui/#iso:code:3166:BE,x,Research institute,Science,https://marineinfo.org/imis?module=institute&insid=36,,
4-datarequest_users_2023_11_07,Birdlife International,020dd80e-072a-46cc-9616-bc2c8a854ddd,BirdLife International,,,,https://www.iso.org/obp/ui/#iso:code:3166:XAA,,Non-profit organization,Civil society,,,
4-datarequest_users_2023_11_07,vliz,ded0beec-e5d4-440d-8405-49fe11624938,VLIZ Flanders Marine Institute,BE,BEL,Kingdom of Belgium,https://www.iso.org/obp/ui/#iso:code:3166:BE,x,Research institute,Science,https://marineinfo.org/imis?module=institute&insid=36,,
4-datarequest_users_2023_11_07,vliz,d3458d4f-556f-4b22-9e4f-4703f289c275,VLIZ Flanders Marine Institute,BE,BEL,Kingdom of Belgium,https://www.iso.org/obp/ui/#iso:code:3166:BE,x,Research institute,Science,https://marineinfo.org/imis?module=institute&insid=36,,
4-datarequest_users_2023_11_07,personal,c74595af-e1f3-4de2-99d9-072195f70c74,personal,,,,https://www.iso.org/obp/ui/#iso:code:3166:XAA,,personal interest,Civil society,,,
4-datarequest_users_2023_11_07,vliz,e6497fe1-0d46-4ba1-b718-34b585afa7e6,VLIZ Flanders Marine Institute,BE,BEL,Kingdom of Belgium,https://www.iso.org/obp/ui/#iso:code:3166:BE,x,Research institute,Science,https://marineinfo.org/imis?module=institute&insid=36,,
4-datarequest_users_2023_11_07,personal,fd083a9a-40da-456d-b6b7-7a8d17cdd798,personal,,,,https://www.iso.org/obp/ui/#iso:code:3166:XAA,,personal interest,Civil society,,,
4-datarequest_users_2023_11_07,Polytechnic University of the Philippines,69108a68-4381-44aa-8857-19cd927361c5,,,,,,,,,,,
4-datarequest_users_2023_11_07,Polytechnic University of the Philippines,430ff7a1-c195-4d1b-9298-550747788dcd,,,,,,,,,,,
4-datarequest_users_2023_11_07,personal,9e61fc8b-3b74-4d49-907d-b0391f065d90,personal,,,,https://www.iso.org/obp/ui/#iso:code:3166:XAA,,personal interest,Civil society,,,
4-datarequest_users_2023_11_07,vlaamsewaterweg ,33dea011-008e-4c86-b093-6f287753d282,,,,,,,,,,,
4-datarequest_users_2023_11_07,Centro de Gestão de Dados Técnico-Científicos,10cb701b-8461-45e9-b5b0-9ef9ecfbe8aa,,,,,,,,,,,
4-datarequest_users_2023_11_07,vliz,ba846bbe-2c87-4ea6-80a5-ba14881a79a3,VLIZ Flanders Marine Institute,BE,BEL,Kingdom of Belgium,https://www.iso.org/obp/ui/#iso:code:3166:BE,x,Research institute,Science,https://marineinfo.org/imis?module=institute&insid=36,,
4-datarequest_users_2023_11_07,student imbrsea,2a7d0b12-8115-4279-893e-406a0361c01c,,,,,,,,,,,
4-datarequest_users_2023_11_07,vliz,60380690-3351-433a-a08b-d1485d52b308,VLIZ Flanders Marine Institute,BE,BEL,Kingdom of Belgium,https://www.iso.org/obp/ui/#iso:code:3166:BE,x,Research institute,Science,https://marineinfo.org/imis?module=institute&insid=36,,
4-datarequest_users_2023_11_07,STAZIONE ZOOLOGICA ANTON DOHRN,de68a499-6240-472c-a17c-4e187584fdc5,Stazione Zoologica Anton Dohrn Napoli (SZN),IT,ITA,Italian Republic,https://www.iso.org/obp/ui/#iso:code:3166:IT,,Research institute,Science,https://marineinfo.org/imis?module=institute&insid=1410,,
4-datarequest_users_2023_11_07,univresity of Iceland,ad3041bb-797e-44e8-a0a2-5b9a78dd227e,,,,,,,,,,,
4-datarequest_users_2023_11_07,personal,d13703f6-eaa8-4cbc-84c1-ac03d1c8b603,personal,,,,https://www.iso.org/obp/ui/#iso:code:3166:XAA,,personal interest,Civil society,,,
4-datarequest_users_2023_11_07,personal,e3422d26-2da4-4b4d-9d2f-463573cc231c,personal,,,,https://www.iso.org/obp/ui/#iso:code:3166:XAA,,personal interest,Civil society,,,
4-datarequest_users_2023_11_07,personal,79ca2d62-79d4-44f0-8831-1b4bc1c84d2f,personal,,,,https://www.iso.org/obp/ui/#iso:code:3166:XAA,,personal interest,Civil society,,,
4-datarequest_users_2023_11_07,personal,ce8581a9-830a-4501-b2a2-04287de1c3bf,personal,,,,https://www.iso.org/obp/ui/#iso:code:3166:XAA,,personal interest,Civil society,,,
4-datarequest_users_2023_11_07,personal,2284b495-4433-4682-9251-1737d910722a,personal,,,,https://www.iso.org/obp/ui/#iso:code:3166:XAA,,personal interest,Civil society,,,
4-datarequest_users_2023_11_07,personal,a9d01b5f-795f-4ec7-9eb8-63fe915adf0f,personal,,,,https://www.iso.org/obp/ui/#iso:code:3166:XAA,,personal interest,Civil society,,,
4-datarequest_users_2023_11_07,ISPRA,52a0977a-367b-4132-9e2f-cb8e70964639,,,,,,,,,,,
4-datarequest_users_2023_11_07,Universiteti Bujqësor i Tiranës,916610a3-ebdf-492f-98e9-058bcaa01bc9,,,,,,,,,,,
4-datarequest_users_2023_11_07,personal,b9485f55-d117-428a-b37f-157f839ed63a,personal,,,,https://www.iso.org/obp/ui/#iso:code:3166:XAA,,personal interest,Civil society,,,
4-datarequest_users_2023_11_07,personal,704f95e8-d7e6-4172-b962-4db9f500b0f7,personal,,,,https://www.iso.org/obp/ui/#iso:code:3166:XAA,,personal interest,Civil society,,,
4-datarequest_users_2023_11_07,naturalsciences / museum voor natuurwetenschappen,87497bcf-5b9d-43c9-b9f2-eb7534016455,,,,,,,,,,,
4-datarequest_users_2023_11_07,vliz,52267166-5c1e-4f36-ab02-9790166073a2,VLIZ Flanders Marine Institute,BE,BEL,Kingdom of Belgium,https://www.iso.org/obp/ui/#iso:code:3166:BE,x,Research institute,Science,https://marineinfo.org/imis?module=institute&insid=36,,
4-datarequest_users_2023_11_07,vliz,e496ca90-2eb1-4fd8-8d8c-afcb8a46676b,VLIZ Flanders Marine Institute,BE,BEL,Kingdom of Belgium,https://www.iso.org/obp/ui/#iso:code:3166:BE,x,Research institute,Science,https://marineinfo.org/imis?module=institute&insid=36,,
4-datarequest_users_2023_11_07,Çukurova Üniversitesi,969a36d7-b393-4618-b68b-27cfe21aa47b,,,,,,,,,,,
4-datarequest_users_2023_11_07,personal,6a7f9cbf-0484-4935-91fa-48a69399f30e,personal,,,,https://www.iso.org/obp/ui/#iso:code:3166:XAA,,personal interest,Civil society,,,
4-datarequest_users_2023_11_07,personal,36e77edd-108e-4ae2-83d1-75aeaf55c323,personal,,,,https://www.iso.org/obp/ui/#iso:code:3166:XAA,,personal interest,Civil society,,,
4-datarequest_users_2023_11_07,personal,1be6d8d3-1d0a-4a40-8352-899cbb03c344,personal,,,,https://www.iso.org/obp/ui/#iso:code:3166:XAA,,personal interest,Civil society,,,
4-datarequest_users_2023_11_07,ugent,2d03b282-feab-4993-8580-73c9e7620f2d,Ghent University,BE,BEL,Kingdom of Belgium,https://www.iso.org/obp/ui/#iso:code:3166:BE,x,University,Science,https://marineinfo.org/imis?module=institute&insid=471,,
4-datarequest_users_2023_11_07,personal,5ec1dcd5-3288-460e-ad33-9f47c53c658e,personal,,,,https://www.iso.org/obp/ui/#iso:code:3166:XAA,,personal interest,Civil society,,,
4-datarequest_users_2023_11_07,Dept. Fisheries & Oceans Canada,238c15ec-88be-4c2b-8032-c480551e18e7,,,,,,,,,,,
4-datarequest_users_2023_11_07,University of the Philippines,b83fa22f-67d0-4ac5-b60a-395a5bffba69,,,,,,,,,,,
4-datarequest_users_2023_11_07,vliz,4ff8f246-1a32-4011-a4f1-bcf9bd0b507a,VLIZ Flanders Marine Institute,BE,BEL,Kingdom of Belgium,https://www.iso.org/obp/ui/#iso:code:3166:BE,x,Research institute,Science,https://marineinfo.org/imis?module=institute&insid=36,,
4-datarequest_users_2023_11_07,ilvo,fb5c541c-83e3-4066-b82a-afdf83ff35b3,"ILVO Flanders Research Institute for Agriculture, Fisheries and Food",BE,BEL,Kingdom of Belgium,https://www.iso.org/obp/ui/#iso:code:3166:BE,x,Research institute,Science,https://marineinfo.org/imis?module=institute&insid=5442,,
4-datarequest_users_2023_11_07,Utrecht universiteit,1d783ecf-7f2c-4ef0-8811-3bb079a20a8d,,,,,,,,,,,
4-datarequest_users_2023_11_07,Universidad de Murcia,7a23bae2-9232-4d1d-8326-e8b7ab79b20f,University of Murcia,ES,ESP,Kingdom of Spain,https://www.iso.org/obp/ui/#iso:code:3166:ES,,University,Science,https://marineinfo.org/imis?module=institute&insid=6630,,
4-datarequest_users_2023_11_07,personal,c1b73383-ae68-45c8-aa89-8f7d8376125c,personal,,,,https://www.iso.org/obp/ui/#iso:code:3166:XAA,,personal interest,Civil society,,,
4-datarequest_users_2023_11_07,vliz,e9664366-74c3-4eac-b05b-b966f5d0a244,VLIZ Flanders Marine Institute,BE,BEL,Kingdom of Belgium,https://www.iso.org/obp/ui/#iso:code:3166:BE,x,Research institute,Science,https://marineinfo.org/imis?module=institute&insid=36,,
4-datarequest_users_2023_11_07,vliz,50451ac1-8efd-4ad2-a7a3-b390fe35b168,VLIZ Flanders Marine Institute,BE,BEL,Kingdom of Belgium,https://www.iso.org/obp/ui/#iso:code:3166:BE,x,Research institute,Science,https://marineinfo.org/imis?module=institute&insid=36,,
4-datarequest_users_2023_11_07,DHI,5804a650-2e81-40ce-ab0e-bb7b03a057d2,DHI Group,,,,,,,,,,
4-datarequest_users_2023_11_07,vliz,9802ca5e-37d8-43e8-80a0-b5c2525abf58,VLIZ Flanders Marine Institute,BE,BEL,Kingdom of Belgium,https://www.iso.org/obp/ui/#iso:code:3166:BE,x,Research institute,Science,https://marineinfo.org/imis?module=institute&insid=36,,
4-datarequest_users_2023_11_07,personal,38370955-7ab9-414a-bb9c-fac1c3c3c44c,personal,,,,https://www.iso.org/obp/ui/#iso:code:3166:XAA,,personal interest,Civil society,,,
4-datarequest_users_2023_11_07,Upptäck SLU,d156d1a7-917b-4845-af44-4817c6bff47d,,,,,,,,,,,
4-datarequest_users_2023_11_07,personal,30405d39-b727-42fd-9c45-dc40784d1b88,personal,,,,https://www.iso.org/obp/ui/#iso:code:3166:XAA,,personal interest,Civil society,,,
4-datarequest_users_2023_11_07,vliz,108aa29d-9b55-4e96-a25f-bcecba3bbcb5,VLIZ Flanders Marine Institute,BE,BEL,Kingdom of Belgium,https://www.iso.org/obp/ui/#iso:code:3166:BE,x,Research institute,Science,https://marineinfo.org/imis?module=institute&insid=36,,
4-datarequest_users_2023_11_07,vliz,4bdce954-538b-4efe-8999-218903af6733,VLIZ Flanders Marine Institute,BE,BEL,Kingdom of Belgium,https://www.iso.org/obp/ui/#iso:code:3166:BE,x,Research institute,Science,https://marineinfo.org/imis?module=institute&insid=36,,
4-datarequest_users_2023_11_07,vliz,e0c9bd0c-a1eb-4fac-aa31-97d21f79d170,VLIZ Flanders Marine Institute,BE,BEL,Kingdom of Belgium,https://www.iso.org/obp/ui/#iso:code:3166:BE,x,Research institute,Science,https://marineinfo.org/imis?module=institute&insid=36,,
4-datarequest_users_2023_11_07,vliz,a5c49f8d-261f-4688-a7a3-c3ab8742c0d3,VLIZ Flanders Marine Institute,BE,BEL,Kingdom of Belgium,https://www.iso.org/obp/ui/#iso:code:3166:BE,x,Research institute,Science,https://marineinfo.org/imis?module=institute&insid=36,,
4-datarequest_users_2023_11_07,vliz,3316c5d6-ecce-4870-be84-1476344a9560,VLIZ Flanders Marine Institute,BE,BEL,Kingdom of Belgium,https://www.iso.org/obp/ui/#iso:code:3166:BE,x,Research institute,Science,https://marineinfo.org/imis?module=institute&insid=36,,
4-datarequest_users_2023_11_07,vliz,d91cad33-e9e4-4788-9108-ff067a08d08e,VLIZ Flanders Marine Institute,BE,BEL,Kingdom of Belgium,https://www.iso.org/obp/ui/#iso:code:3166:BE,x,Research institute,Science,https://marineinfo.org/imis?module=institute&insid=36,,
4-datarequest_users_2023_11_07,ugent,505d8d01-9c08-47b1-8332-460e081992ce,Ghent University,BE,BEL,Kingdom of Belgium,https://www.iso.org/obp/ui/#iso:code:3166:BE,x,University,Science,https://marineinfo.org/imis?module=institute&insid=471,,
4-datarequest_users_2023_11_07,vliz,108afc87-7834-4dc7-b3c2-9f7d27bb128a,VLIZ Flanders Marine Institute,BE,BEL,Kingdom of Belgium,https://www.iso.org/obp/ui/#iso:code:3166:BE,x,Research institute,Science,https://marineinfo.org/imis?module=institute&insid=36,,
4-datarequest_users_2023_11_07,tenproject ,5f80815f-6507-43bd-a907-17662a2638e8,,,,,,,,,,,
4-datarequest_users_2023_11_07,naturalsciences,a8d2543a-c51b-4c25-b121-a4abf58f8478,Royal Belgian Institute of Natural Sciences (RBINS),BE,BEL,Kingdom of Belgium,https://www.iso.org/obp/ui/#iso:code:3166:BE,o,Research institute,Science,https://marineinfo.org/imis?module=institute&insid=1883,,
4-datarequest_users_2023_11_07,Universitat Politècnica de Catalunya,a875797c-6fab-41b2-90a2-17c0a12791d7,Polytechnic University of Catalonia ,ES,ESP,Kingdom of Spain,https://www.iso.org/obp/ui/#iso:code:3166:ES,,University,Science,https://marineinfo.org/imis?module=institute&insid=12842,,
4-datarequest_users_2023_11_07,Universitat Politècnica de Catalunya,974bf7de-a4df-4274-a4c8-300ef0258389,Polytechnic University of Catalonia ,ES,ESP,Kingdom of Spain,https://www.iso.org/obp/ui/#iso:code:3166:ES,,University,Science,https://marineinfo.org/imis?module=institute&insid=12842,,
4-datarequest_users_2023_11_07,Wageningen University & Research,4d11dd66-214c-4fce-b398-158cf4ecf558,Wageningen University & Research (WUR),NL,NLD,Kingdom of the Netherlands,https://www.iso.org/obp/ui/#iso:code:3166:NL,,University,Science,https://marineinfo.org/imis?module=institute&insid=5450,,
4-datarequest_users_2023_11_07,vliz,d7e4a3bc-06ec-4b09-b888-1c3ca4384cfc,VLIZ Flanders Marine Institute,BE,BEL,Kingdom of Belgium,https://www.iso.org/obp/ui/#iso:code:3166:BE,x,Research institute,Science,https://marineinfo.org/imis?module=institute&insid=36,,
4-datarequest_users_2023_11_07,AWI (Alfred Wegener Institute for Polar and Marine Research),6be26cc9-be85-4fc3-bc5e-00cc21fd55db,Alfred Wegener Institute for Polar and Marine Research (AWI),DE,DEU,Federal Republic of Germany,https://www.iso.org/obp/ui/#iso:code:3166:DE,,Research institute,Science,https://marineinfo.org/imis?module=institute&insid=950,,
4-datarequest_users_2023_11_07,vliz,ae9cbe13-3b8f-4a89-bf8f-8e253bb18342,VLIZ Flanders Marine Institute,BE,BEL,Kingdom of Belgium,https://www.iso.org/obp/ui/#iso:code:3166:BE,x,Research institute,Science,https://marineinfo.org/imis?module=institute&insid=36,,
4-datarequest_users_2023_11_07,student ,103e68ac-c3bd-4f9f-a7fb-f214ebc1605e,,,,,,,,,,,
4-datarequest_users_2023_11_07,vliz,37a8bb66-7d0e-4153-88db-2b9fbe827282,VLIZ Flanders Marine Institute,BE,BEL,Kingdom of Belgium,https://www.iso.org/obp/ui/#iso:code:3166:BE,x,Research institute,Science,https://marineinfo.org/imis?module=institute&insid=36,,
4-datarequest_users_2023_11_07,anteagroup,518816d9-c7f2-426d-a997-4c33c66d28de,Antea Group,BE,BEL,Kingdom of Belgium,https://www.iso.org/obp/ui/#iso:code:3166:BE,,Consultancy,Industry,https://marineinfo.org/imis?module=institute&insid=11438,,
4-datarequest_users_2023_11_07,student imbrsea,d46a1773-7f8f-4f8b-abd9-27bf2f3e0848,,,,,,,,,,,
4-datarequest_users_2023_11_07,Newcastle University,b077bba1-60d7-4a5f-9a48-4144fd7b80ab,,,,,,,,,,,
4-datarequest_users_2023_11_07,SMRU Consulting,4f0d6e1a-9ae8-4d38-a751-1c1d583ecf69,,,,,,,,,,,
4-datarequest_users_2023_11_07,vliz,23a089c0-fcf2-4ce3-bc4a-548dbaa84759,VLIZ Flanders Marine Institute,BE,BEL,Kingdom of Belgium,https://www.iso.org/obp/ui/#iso:code:3166:BE,x,Research institute,Science,https://marineinfo.org/imis?module=institute&insid=36,,
4-datarequest_users_2023_11_07,vliz,6684361e-689c-4449-803d-aafce5e713fe,VLIZ Flanders Marine Institute,BE,BEL,Kingdom of Belgium,https://www.iso.org/obp/ui/#iso:code:3166:BE,x,Research institute,Science,https://marineinfo.org/imis?module=institute&insid=36,,
4-datarequest_users_2023_11_07,personal,8944baab-9c0f-443a-a28a-bb262adf3216,personal,,,,https://www.iso.org/obp/ui/#iso:code:3166:XAA,,personal interest,Civil society,,,
4-datarequest_users_2023_11_07,University of Regensburg,dfbc9a82-5bca-4e18-9292-d267ec75b8c6,,,,,,,,,,,
4-datarequest_users_2023_11_07,vliz,c8f3ef6f-bb55-4078-b988-fee753567c1e,VLIZ Flanders Marine Institute,BE,BEL,Kingdom of Belgium,https://www.iso.org/obp/ui/#iso:code:3166:BE,x,Research institute,Science,https://marineinfo.org/imis?module=institute&insid=36,,
4-datarequest_users_2023_11_07,University of São Paulo,382decbc-f7a2-4c04-9086-d9ecebfe035f,,,,,,,,,,,
4-datarequest_users_2023_11_07,personal,7245c492-8bde-4b26-a34e-c263883bbe34,personal,,,,https://www.iso.org/obp/ui/#iso:code:3166:XAA,,personal interest,Civil society,,,
4-datarequest_users_2023_11_07,vliz,97528aa7-e1cd-41f9-9007-8da40431e1e9,VLIZ Flanders Marine Institute,BE,BEL,Kingdom of Belgium,https://www.iso.org/obp/ui/#iso:code:3166:BE,x,Research institute,Science,https://marineinfo.org/imis?module=institute&insid=36,,
4-datarequest_users_2023_11_07,Smithsonian Institution,15431b87-be8d-4889-9499-68cc409ba277,Smithsonian Institution,US,USA,the United States of America,https://www.iso.org/obp/ui/#iso:code:3166:US,,Research institute,Science,https://marineinfo.org/imis?module=institute&insid=1933,,
4-datarequest_users_2023_11_07,personal,1bbe5621-9771-4607-984c-8d076d9f8bc6,personal,,,,https://www.iso.org/obp/ui/#iso:code:3166:XAA,,personal interest,Civil society,,,
4-datarequest_users_2023_11_07,anteagroup,dd00bde0-613f-4c05-945b-ce2f2a2b52ad,Antea Group,BE,BEL,Kingdom of Belgium,https://www.iso.org/obp/ui/#iso:code:3166:BE,,Consultancy,Industry,https://marineinfo.org/imis?module=institute&insid=11438,,
4-datarequest_users_2023_11_07,CSpect,3cd373ad-1165-4281-841b-4b278a77b991,,,,,,,,,,,
4-datarequest_users_2023_11_07,IHS Markit Maritime and Trade,34620138-d58c-400d-b551-6ab558324c0d,,,,,,,,,,,
4-datarequest_users_2023_11_07,personal,bf352af2-19b6-4e25-b620-13e6a67e26e5,personal,,,,https://www.iso.org/obp/ui/#iso:code:3166:XAA,,personal interest,Civil society,,,
4-datarequest_users_2023_11_07,ugent,d07ebe5b-44f4-47c6-b6fa-0ba0747c82b5,Ghent University,BE,BEL,Kingdom of Belgium,https://www.iso.org/obp/ui/#iso:code:3166:BE,x,University,Science,https://marineinfo.org/imis?module=institute&insid=471,,
4-datarequest_users_2023_11_07,colruytgroup,a495f30a-073c-4a27-83b1-80231d088712,,,,,,,,,,,
4-datarequest_users_2023_11_07,colruytgroup,85d3aa66-0f72-448d-9214-281ff475d01e,,,,,,,,,,,
4-datarequest_users_2023_11_07,vliz,bb45f4f3-d8f5-4370-9076-6df3a97d87d9,VLIZ Flanders Marine Institute,BE,BEL,Kingdom of Belgium,https://www.iso.org/obp/ui/#iso:code:3166:BE,x,Research institute,Science,https://marineinfo.org/imis?module=institute&insid=36,,
4-datarequest_users_2023_11_07,personal,014c7f20-d6b8-4ed3-ba54-17c9d13e70ce,personal,,,,https://www.iso.org/obp/ui/#iso:code:3166:XAA,,personal interest,Civil society,,,
4-datarequest_users_2023_11_07,personal,28c68a04-4cd0-4ae8-8858-a6b88feb984f,personal,,,,https://www.iso.org/obp/ui/#iso:code:3166:XAA,,personal interest,Civil society,,,
4-datarequest_users_2023_11_07,Universidade de Évora,b4856500-a518-420b-a59c-687aa8e22025,,,,,,,,,,,
4-datarequest_users_2023_11_07,Universidade de Évora,b64ac8f8-2efc-4bf0-8067-152dcee2e380,,,,,,,,,,,
4-datarequest_users_2023_11_07,Universidade de Évora,d731b932-9961-4c13-832d-869cd87a35f1,,,,,,,,,,,
4-datarequest_users_2023_11_07,Universidade de Évora,8b5252ff-db9b-4452-932f-a212cb8ffbfc,,,,,,,,,,,
4-datarequest_users_2023_11_07,Ca' Foscari University of Venice,a1a44b4d-e1ff-49b1-8fab-3108fa54ec87,,,,,,,,,,,
4-datarequest_users_2023_11_07,"Centre of Marine Sciences (CCMAR), University of the Algarve",0b1e52e7-4cc0-45c4-a7f2-4a23502a228c,,,,,,,,,,,
4-datarequest_users_2023_11_07,vliz,395b9efb-3e24-44b8-87ce-d0e5f543bd87,VLIZ Flanders Marine Institute,BE,BEL,Kingdom of Belgium,https://www.iso.org/obp/ui/#iso:code:3166:BE,x,Research institute,Science,https://marineinfo.org/imis?module=institute&insid=36,,
4-datarequest_users_2023_11_07,tractebel engie,6a7475f6-f285-43ee-9fe4-7fe8dc496528,Tractebel ENGIE,BE,BEL,Kingdom of Belgium,https://www.iso.org/obp/ui/#iso:code:3166:BE,,Company,Industry,,,
4-datarequest_users_2023_11_07,anteagroup,a8f39412-5236-4477-bb14-f7e8e7d1e48a,Antea Group,BE,BEL,Kingdom of Belgium,https://www.iso.org/obp/ui/#iso:code:3166:BE,,Consultancy,Industry,https://marineinfo.org/imis?module=institute&insid=11438,,
4-datarequest_users_2023_11_07,"Laboratory of Oceanology and Geosciences, Wimereux - Lille University ",6291c3c3-12df-4d5f-a462-a7f0f1f014e1,,,,,,,,,,,
4-datarequest_users_2023_11_07,vliz,7e8c911c-f19d-4d74-b211-324156170918,VLIZ Flanders Marine Institute,BE,BEL,Kingdom of Belgium,https://www.iso.org/obp/ui/#iso:code:3166:BE,x,Research institute,Science,https://marineinfo.org/imis?module=institute&insid=36,,
4-datarequest_users_2023_11_07,vliz,ad1e9f57-c209-43bd-b749-121be3833d76,VLIZ Flanders Marine Institute,BE,BEL,Kingdom of Belgium,https://www.iso.org/obp/ui/#iso:code:3166:BE,x,Research institute,Science,https://marineinfo.org/imis?module=institute&insid=36,,
4-datarequest_users_2023_11_07,DEME,76b0fb23-4b5e-488a-a351-0139e749bd3b,,,,,,,,,,,
4-datarequest_users_2023_11_07,Hogere Zeevaartschool,ed29af75-a2f5-4291-b1c5-3c682112628e,,,,,,,,,,,
4-datarequest_users_2023_11_07,IGB Berlin,1b45634c-68cf-4b19-9fa0-5d5cad995873,,,,,,,,,,,
4-datarequest_users_2023_11_07,ugent,b8eec851-344b-4923-92d1-5b5daa31d8c1,Ghent University,BE,BEL,Kingdom of Belgium,https://www.iso.org/obp/ui/#iso:code:3166:BE,x,University,Science,https://marineinfo.org/imis?module=institute&insid=471,,
4-datarequest_users_2023_11_07,personal,79e8bc53-b0e3-43ed-85bc-d987f6b976dc,personal,,,,https://www.iso.org/obp/ui/#iso:code:3166:XAA,,personal interest,Civil society,,,
4-datarequest_users_2023_11_07,personal,21d52bef-9245-4e1e-8eb2-7a872c799e61,personal,,,,https://www.iso.org/obp/ui/#iso:code:3166:XAA,,personal interest,Civil society,,,
